flowId,flowName,appId,appName,appVersionId,order,index,screenId,restricted,descriptor,status,contentType,contentLengthHeader,bytes,sha256,width,height,declaredWidth,declaredHeight,urlHost,urlPathHash,savedPath
49b9dfcf-c3db-4605-9316-543e18ca4573,Onboarding,31124a64-058b-4783-809f-ad7dd43ac7d7,Xchat,6901070a-8142-46de-9462-d2c8ba13640a,0,1,812cdec5-c116-435a-b59b-c0cfa217ec97,false,downloadableSrc,200,image/webp,32784,32784,0fbdc3503e1a1dec6e2a35a5f7528b7741b25d8428444387b618e060a4e6f570,1180,2676,,,bytescale.mobbin.com,f7a1807c1ac98ccf0eecf5078d61346ac9a94ca37a547f5708d580528c9e55c0,/Users/user/mobbin-sides/screen-flows/x-chat/001-xchat-onboarding-49b9dfcf-c3db-4605-9316-543e18ca4573/001-812cdec5-c116-435a-b59b-c0cfa217ec97-downloadableSrc-0fbdc3503e1a.webp
49b9dfcf-c3db-4605-9316-543e18ca4573,Onboarding,31124a64-058b-4783-809f-ad7dd43ac7d7,Xchat,6901070a-8142-46de-9462-d2c8ba13640a,1,2,0408af49-8a6f-46be-b1c7-c4bb5a488f0b,false,downloadableSrc,200,image/webp,42970,42970,bbb044c99d17453c3e5f62dbd74331bf4b30d67b1f98e5eef6b263b17c8ac90f,1179,2676,,,bytescale.mobbin.com,f7a1807c1ac98ccf0eecf5078d61346ac9a94ca37a547f5708d580528c9e55c0,/Users/user/mobbin-sides/screen-flows/x-chat/001-xchat-onboarding-49b9dfcf-c3db-4605-9316-543e18ca4573/002-0408af49-8a6f-46be-b1c7-c4bb5a488f0b-downloadableSrc-bbb044c99d17.webp
49b9dfcf-c3db-4605-9316-543e18ca4573,Onboarding,31124a64-058b-4783-809f-ad7dd43ac7d7,Xchat,6901070a-8142-46de-9462-d2c8ba13640a,2,3,8f809293-aa7d-4a9e-8445-5594a953ea59,false,downloadableSrc,200,image/webp,47496,47496,4937d990a84c20a4a8141a7e5a7dd828821dfe6a863670e6e48d99a2bc323256,1179,2676,,,bytescale.mobbin.com,f7a1807c1ac98ccf0eecf5078d61346ac9a94ca37a547f5708d580528c9e55c0,/Users/user/mobbin-sides/screen-flows/x-chat/001-xchat-onboarding-49b9dfcf-c3db-4605-9316-543e18ca4573/003-8f809293-aa7d-4a9e-8445-5594a953ea59-downloadableSrc-4937d990a84c.webp
49b9dfcf-c3db-4605-9316-543e18ca4573,Onboarding,31124a64-058b-4783-809f-ad7dd43ac7d7,Xchat,6901070a-8142-46de-9462-d2c8ba13640a,3,4,758ed920-883a-48f7-8807-c55ffa0491bf,false,downloadableSrc,200,image/webp,40640,40640,dfe05216fe42460329c2c52140298a8c6e81b6e81fe9db33879437da29bf8959,1179,2676,,,bytescale.mobbin.com,f7a1807c1ac98ccf0eecf5078d61346ac9a94ca37a547f5708d580528c9e55c0,/Users/user/mobbin-sides/screen-flows/x-chat/001-xchat-onboarding-49b9dfcf-c3db-4605-9316-543e18ca4573/004-758ed920-883a-48f7-8807-c55ffa0491bf-downloadableSrc-dfe05216fe42.webp
49b9dfcf-c3db-4605-9316-543e18ca4573,Onboarding,31124a64-058b-4783-809f-ad7dd43ac7d7,Xchat,6901070a-8142-46de-9462-d2c8ba13640a,4,5,6a743552-4b41-4943-8ed0-c314713a0e07,false,downloadableSrc,200,image/webp,41096,41096,7cc934ddd68e0e5e6b28b0bc5adb83ffb4819cdef441a98a8ae4b7b371115477,1179,2676,,,bytescale.mobbin.com,f7a1807c1ac98ccf0eecf5078d61346ac9a94ca37a547f5708d580528c9e55c0,/Users/user/mobbin-sides/screen-flows/x-chat/001-xchat-onboarding-49b9dfcf-c3db-4605-9316-543e18ca4573/005-6a743552-4b41-4943-8ed0-c314713a0e07-downloadableSrc-7cc934ddd68e.webp
49b9dfcf-c3db-4605-9316-543e18ca4573,Onboarding,31124a64-058b-4783-809f-ad7dd43ac7d7,Xchat,6901070a-8142-46de-9462-d2c8ba13640a,5,6,706817fb-ab71-4af3-92d4-5d80296c3bb0,false,downloadableSrc,200,image/webp,50138,50138,867543a69c20b0ce821a427ff3d815702dc1aef63925eacd1815525378fd7519,1179,2676,,,bytescale.mobbin.com,f7a1807c1ac98ccf0eecf5078d61346ac9a94ca37a547f5708d580528c9e55c0,/Users/user/mobbin-sides/screen-flows/x-chat/001-xchat-onboarding-49b9dfcf-c3db-4605-9316-543e18ca4573/006-706817fb-ab71-4af3-92d4-5d80296c3bb0-downloadableSrc-867543a69c20.webp
49b9dfcf-c3db-4605-9316-543e18ca4573,Onboarding,31124a64-058b-4783-809f-ad7dd43ac7d7,Xchat,6901070a-8142-46de-9462-d2c8ba13640a,6,7,0a893728-b4aa-40e6-b1c5-531035412cba,false,downloadableSrc,200,image/webp,58072,58072,eb8d14c1a73487c6b40532fab895d39a3d7e766e912d609ffdeaffad0f497909,1179,2676,,,bytescale.mobbin.com,f7a1807c1ac98ccf0eecf5078d61346ac9a94ca37a547f5708d580528c9e55c0,/Users/user/mobbin-sides/screen-flows/x-chat/001-xchat-onboarding-49b9dfcf-c3db-4605-9316-543e18ca4573/007-0a893728-b4aa-40e6-b1c5-531035412cba-downloadableSrc-eb8d14c1a734.webp
49b9dfcf-c3db-4605-9316-543e18ca4573,Onboarding,31124a64-058b-4783-809f-ad7dd43ac7d7,Xchat,6901070a-8142-46de-9462-d2c8ba13640a,7,8,ab78e15e-7335-486c-ad64-0925d8edb3a9,false,downloadableSrc,200,image/webp,64598,64598,828d408af44b9b0f03b05fb4fcfd81902274dc886f0bd8a5c305fa3d5634d51b,1179,2676,,,bytescale.mobbin.com,f7a1807c1ac98ccf0eecf5078d61346ac9a94ca37a547f5708d580528c9e55c0,/Users/user/mobbin-sides/screen-flows/x-chat/001-xchat-onboarding-49b9dfcf-c3db-4605-9316-543e18ca4573/008-ab78e15e-7335-486c-ad64-0925d8edb3a9-downloadableSrc-828d408af44b.webp
49b9dfcf-c3db-4605-9316-543e18ca4573,Onboarding,31124a64-058b-4783-809f-ad7dd43ac7d7,Xchat,6901070a-8142-46de-9462-d2c8ba13640a,8,9,0c135d64-b10b-4f31-84ac-12d9ce4970de,false,downloadableSrc,200,image/webp,47252,47252,113eff085d4951cb3088f39b3afe5e3ad12368ac5e15a7b74d098874e98b2dfb,1180,2676,,,bytescale.mobbin.com,f7a1807c1ac98ccf0eecf5078d61346ac9a94ca37a547f5708d580528c9e55c0,/Users/user/mobbin-sides/screen-flows/x-chat/001-xchat-onboarding-49b9dfcf-c3db-4605-9316-543e18ca4573/009-0c135d64-b10b-4f31-84ac-12d9ce4970de-downloadableSrc-113eff085d49.webp
49b9dfcf-c3db-4605-9316-543e18ca4573,Onboarding,31124a64-058b-4783-809f-ad7dd43ac7d7,Xchat,6901070a-8142-46de-9462-d2c8ba13640a,9,10,f5df8ce8-b741-414d-8908-ae9b92911671,false,downloadableSrc,200,image/webp,49360,49360,06123d366930d6b04d8b25e72bcf051332c7f3716589da5c8d25d5f1475bf34c,1180,2676,,,bytescale.mobbin.com,f7a1807c1ac98ccf0eecf5078d61346ac9a94ca37a547f5708d580528c9e55c0,/Users/user/mobbin-sides/screen-flows/x-chat/001-xchat-onboarding-49b9dfcf-c3db-4605-9316-543e18ca4573/010-f5df8ce8-b741-414d-8908-ae9b92911671-downloadableSrc-06123d366930.webp
49b9dfcf-c3db-4605-9316-543e18ca4573,Onboarding,31124a64-058b-4783-809f-ad7dd43ac7d7,Xchat,6901070a-8142-46de-9462-d2c8ba13640a,10,11,34970de6-34d2-41bd-8eb7-01eafbef6b96,false,downloadableSrc,200,image/webp,41142,41142,1e22d469c45d5145b86744443aa3831c8caec736d7550efa0987f4f76d2ed6bf,1180,2676,,,bytescale.mobbin.com,f7a1807c1ac98ccf0eecf5078d61346ac9a94ca37a547f5708d580528c9e55c0,/Users/user/mobbin-sides/screen-flows/x-chat/001-xchat-onboarding-49b9dfcf-c3db-4605-9316-543e18ca4573/011-34970de6-34d2-41bd-8eb7-01eafbef6b96-downloadableSrc-1e22d469c45d.webp
49b9dfcf-c3db-4605-9316-543e18ca4573,Onboarding,31124a64-058b-4783-809f-ad7dd43ac7d7,Xchat,6901070a-8142-46de-9462-d2c8ba13640a,11,12,be76dda8-80d0-4d2f-9e88-c98f697d41a7,false,downloadableSrc,200,image/webp,44336,44336,f609dad31831fda9cc965af6ef01d8cd319835d32e3423881b074d9e5d29e3cf,1180,2676,,,bytescale.mobbin.com,f7a1807c1ac98ccf0eecf5078d61346ac9a94ca37a547f5708d580528c9e55c0,/Users/user/mobbin-sides/screen-flows/x-chat/001-xchat-onboarding-49b9dfcf-c3db-4605-9316-543e18ca4573/012-be76dda8-80d0-4d2f-9e88-c98f697d41a7-downloadableSrc-f609dad31831.webp
49b9dfcf-c3db-4605-9316-543e18ca4573,Onboarding,31124a64-058b-4783-809f-ad7dd43ac7d7,Xchat,6901070a-8142-46de-9462-d2c8ba13640a,12,13,4143dc70-9777-40cf-89e5-5a5a105e5cd2,false,downloadableSrc,200,image/webp,57910,57910,eea2b5156da245698f790ebcce0e7c4fa8ef73d8c9ef21362800e2ff4b978c8e,1180,2676,,,bytescale.mobbin.com,f7a1807c1ac98ccf0eecf5078d61346ac9a94ca37a547f5708d580528c9e55c0,/Users/user/mobbin-sides/screen-flows/x-chat/001-xchat-onboarding-49b9dfcf-c3db-4605-9316-543e18ca4573/013-4143dc70-9777-40cf-89e5-5a5a105e5cd2-downloadableSrc-eea2b5156da2.webp
49b9dfcf-c3db-4605-9316-543e18ca4573,Onboarding,31124a64-058b-4783-809f-ad7dd43ac7d7,Xchat,6901070a-8142-46de-9462-d2c8ba13640a,13,14,be30a277-a66d-4fcb-ac9a-1153ab8a74ff,false,downloadableSrc,200,image/webp,57778,57778,d2c9c17ea83a8608c924c70a845ff8ca586648aa327aadefab099f9698c51894,1180,2676,,,bytescale.mobbin.com,f7a1807c1ac98ccf0eecf5078d61346ac9a94ca37a547f5708d580528c9e55c0,/Users/user/mobbin-sides/screen-flows/x-chat/001-xchat-onboarding-49b9dfcf-c3db-4605-9316-543e18ca4573/014-be30a277-a66d-4fcb-ac9a-1153ab8a74ff-downloadableSrc-d2c9c17ea83a.webp
49b9dfcf-c3db-4605-9316-543e18ca4573,Onboarding,31124a64-058b-4783-809f-ad7dd43ac7d7,Xchat,6901070a-8142-46de-9462-d2c8ba13640a,14,15,86240855-5d63-4b89-9136-d8463d1c4ce8,false,downloadableSrc,200,image/webp,35958,35958,80fb18b8728196819b7cc791989249ddd22fd843cf73db35722ea5afbdce84b1,1180,2676,,,bytescale.mobbin.com,f7a1807c1ac98ccf0eecf5078d61346ac9a94ca37a547f5708d580528c9e55c0,/Users/user/mobbin-sides/screen-flows/x-chat/001-xchat-onboarding-49b9dfcf-c3db-4605-9316-543e18ca4573/015-86240855-5d63-4b89-9136-d8463d1c4ce8-downloadableSrc-80fb18b87281.webp
49b9dfcf-c3db-4605-9316-543e18ca4573,Onboarding,31124a64-058b-4783-809f-ad7dd43ac7d7,Xchat,6901070a-8142-46de-9462-d2c8ba13640a,15,16,33115350-cb1e-4969-a50e-46a2d73c3617,false,downloadableSrc,200,image/webp,35408,35408,3afc306a7d88debe50bcae82d4e00cbf659e897f5fafec7fe4ab8956a8d74ea5,1179,2676,,,bytescale.mobbin.com,f7a1807c1ac98ccf0eecf5078d61346ac9a94ca37a547f5708d580528c9e55c0,/Users/user/mobbin-sides/screen-flows/x-chat/001-xchat-onboarding-49b9dfcf-c3db-4605-9316-543e18ca4573/016-33115350-cb1e-4969-a50e-46a2d73c3617-downloadableSrc-3afc306a7d88.webp
49b9dfcf-c3db-4605-9316-543e18ca4573,Onboarding,31124a64-058b-4783-809f-ad7dd43ac7d7,Xchat,6901070a-8142-46de-9462-d2c8ba13640a,16,17,506a4c88-d8ff-47be-b188-05d1b959a7b1,false,downloadableSrc,200,image/webp,66228,66228,f5e8a4bda807dbc2579b8ced9070f9727885b16b6a3fe53dbe972869627f5318,1179,2676,,,bytescale.mobbin.com,f7a1807c1ac98ccf0eecf5078d61346ac9a94ca37a547f5708d580528c9e55c0,/Users/user/mobbin-sides/screen-flows/x-chat/001-xchat-onboarding-49b9dfcf-c3db-4605-9316-543e18ca4573/017-506a4c88-d8ff-47be-b188-05d1b959a7b1-downloadableSrc-f5e8a4bda807.webp
49b9dfcf-c3db-4605-9316-543e18ca4573,Onboarding,31124a64-058b-4783-809f-ad7dd43ac7d7,Xchat,6901070a-8142-46de-9462-d2c8ba13640a,17,18,a955b7c5-33cf-402a-8e20-cb665489bb25,false,downloadableSrc,200,image/webp,54316,54316,973e3d7a59a114ff276c8f31eee57ac8d779d65e25dadfa0eca71cbd9c9d3bf9,1179,2676,,,bytescale.mobbin.com,f7a1807c1ac98ccf0eecf5078d61346ac9a94ca37a547f5708d580528c9e55c0,/Users/user/mobbin-sides/screen-flows/x-chat/001-xchat-onboarding-49b9dfcf-c3db-4605-9316-543e18ca4573/018-a955b7c5-33cf-402a-8e20-cb665489bb25-downloadableSrc-973e3d7a59a1.webp
49b9dfcf-c3db-4605-9316-543e18ca4573,Onboarding,31124a64-058b-4783-809f-ad7dd43ac7d7,Xchat,6901070a-8142-46de-9462-d2c8ba13640a,18,19,55fdc84c-c6fb-4fd6-99bc-216e4cf074ea,false,downloadableSrc,200,image/webp,56822,56822,fa7a628c9ec4e93852f544dbe6c99e89303fce4643133f986fd755bd89d52958,1179,2676,,,bytescale.mobbin.com,f7a1807c1ac98ccf0eecf5078d61346ac9a94ca37a547f5708d580528c9e55c0,/Users/user/mobbin-sides/screen-flows/x-chat/001-xchat-onboarding-49b9dfcf-c3db-4605-9316-543e18ca4573/019-55fdc84c-c6fb-4fd6-99bc-216e4cf074ea-downloadableSrc-fa7a628c9ec4.webp
49b9dfcf-c3db-4605-9316-543e18ca4573,Onboarding,31124a64-058b-4783-809f-ad7dd43ac7d7,Xchat,6901070a-8142-46de-9462-d2c8ba13640a,19,20,9a7e3b57-00b2-4143-ab70-77b0a70f353b,false,downloadableSrc,200,image/webp,56780,56780,c73794dcbbcd8373cab0c2f2fc51ac0fd9eed4ad54185d9d0519c0d7c29320c5,1179,2676,,,bytescale.mobbin.com,f7a1807c1ac98ccf0eecf5078d61346ac9a94ca37a547f5708d580528c9e55c0,/Users/user/mobbin-sides/screen-flows/x-chat/001-xchat-onboarding-49b9dfcf-c3db-4605-9316-543e18ca4573/020-9a7e3b57-00b2-4143-ab70-77b0a70f353b-downloadableSrc-c73794dcbbcd.webp
49b9dfcf-c3db-4605-9316-543e18ca4573,Onboarding,31124a64-058b-4783-809f-ad7dd43ac7d7,Xchat,6901070a-8142-46de-9462-d2c8ba13640a,20,21,82f6a846-5a6d-401f-aa47-be87089e5a17,false,downloadableSrc,200,image/webp,31092,31092,4ba1fe134c56e6f29283b50ee5fac10d8f6c0918febf4a7991124d4fc89b7b9c,1179,2676,,,bytescale.mobbin.com,f7a1807c1ac98ccf0eecf5078d61346ac9a94ca37a547f5708d580528c9e55c0,/Users/user/mobbin-sides/screen-flows/x-chat/001-xchat-onboarding-49b9dfcf-c3db-4605-9316-543e18ca4573/021-82f6a846-5a6d-401f-aa47-be87089e5a17-downloadableSrc-4ba1fe134c56.webp
aa4bfb22-adda-4983-99be-315271e5ee67,Changing country,31124a64-058b-4783-809f-ad7dd43ac7d7,Xchat,6901070a-8142-46de-9462-d2c8ba13640a,0,1,0a893728-b4aa-40e6-b1c5-531035412cba,true,downloadableSrc,200,image/webp,58072,58072,eb8d14c1a73487c6b40532fab895d39a3d7e766e912d609ffdeaffad0f497909,1179,2676,,,bytescale.mobbin.com,f7a1807c1ac98ccf0eecf5078d61346ac9a94ca37a547f5708d580528c9e55c0,/Users/user/mobbin-sides/screen-flows/x-chat/002-xchat-changing-country-aa4bfb22-adda-4983-99be-315271e5ee67/001-0a893728-b4aa-40e6-b1c5-531035412cba-downloadableSrc-eb8d14c1a734.webp
aa4bfb22-adda-4983-99be-315271e5ee67,Changing country,31124a64-058b-4783-809f-ad7dd43ac7d7,Xchat,6901070a-8142-46de-9462-d2c8ba13640a,1,2,de42e397-6f21-4474-add9-28797289cffd,true,downloadableSrc,200,image/webp,57582,57582,123ef951ae8269df787eb7204294b4fee1cf91b6921b86f5daad1ce62d1a4408,1179,2676,,,bytescale.mobbin.com,f7a1807c1ac98ccf0eecf5078d61346ac9a94ca37a547f5708d580528c9e55c0,/Users/user/mobbin-sides/screen-flows/x-chat/002-xchat-changing-country-aa4bfb22-adda-4983-99be-315271e5ee67/002-de42e397-6f21-4474-add9-28797289cffd-downloadableSrc-123ef951ae82.webp
aa4bfb22-adda-4983-99be-315271e5ee67,Changing country,31124a64-058b-4783-809f-ad7dd43ac7d7,Xchat,6901070a-8142-46de-9462-d2c8ba13640a,2,3,182cba05-1c0a-4a92-9faf-ee3e33e309db,true,downloadableSrc,200,image/webp,56704,56704,26bc1b9df2ae2c24b088bf6dd9f825e25c55daae3cc005f76f4554211741b81d,1179,2676,,,bytescale.mobbin.com,f7a1807c1ac98ccf0eecf5078d61346ac9a94ca37a547f5708d580528c9e55c0,/Users/user/mobbin-sides/screen-flows/x-chat/002-xchat-changing-country-aa4bfb22-adda-4983-99be-315271e5ee67/003-182cba05-1c0a-4a92-9faf-ee3e33e309db-downloadableSrc-26bc1b9df2ae.webp
68cd6217-14d4-4cb5-a1b9-72c49e803a54,Chat,31124a64-058b-4783-809f-ad7dd43ac7d7,Xchat,6901070a-8142-46de-9462-d2c8ba13640a,0,1,82f6a846-5a6d-401f-aa47-be87089e5a17,true,downloadableSrc,200,image/webp,31092,31092,4ba1fe134c56e6f29283b50ee5fac10d8f6c0918febf4a7991124d4fc89b7b9c,1179,2676,,,bytescale.mobbin.com,f7a1807c1ac98ccf0eecf5078d61346ac9a94ca37a547f5708d580528c9e55c0,/Users/user/mobbin-sides/screen-flows/x-chat/003-xchat-chat-68cd6217-14d4-4cb5-a1b9-72c49e803a54/001-82f6a846-5a6d-401f-aa47-be87089e5a17-downloadableSrc-4ba1fe134c56.webp
68cd6217-14d4-4cb5-a1b9-72c49e803a54,Chat,31124a64-058b-4783-809f-ad7dd43ac7d7,Xchat,6901070a-8142-46de-9462-d2c8ba13640a,1,2,fe434973-7c36-4233-bad9-26dbd19dd36a,true,downloadableSrc,200,image/webp,41260,41260,a1161aeb6519ebf9e6f6c67e53c58b6f7008a656e9d737bf7b7717760f21fb1e,1179,2676,,,bytescale.mobbin.com,f7a1807c1ac98ccf0eecf5078d61346ac9a94ca37a547f5708d580528c9e55c0,/Users/user/mobbin-sides/screen-flows/x-chat/003-xchat-chat-68cd6217-14d4-4cb5-a1b9-72c49e803a54/002-fe434973-7c36-4233-bad9-26dbd19dd36a-downloadableSrc-a1161aeb6519.webp
3c481bf6-0865-47a9-9cc9-c5bf6025bfe4,Creating a group chat,31124a64-058b-4783-809f-ad7dd43ac7d7,Xchat,6901070a-8142-46de-9462-d2c8ba13640a,0,1,82f6a846-5a6d-401f-aa47-be87089e5a17,true,downloadableSrc,200,image/webp,31092,31092,4ba1fe134c56e6f29283b50ee5fac10d8f6c0918febf4a7991124d4fc89b7b9c,1179,2676,,,bytescale.mobbin.com,f7a1807c1ac98ccf0eecf5078d61346ac9a94ca37a547f5708d580528c9e55c0,/Users/user/mobbin-sides/screen-flows/x-chat/004-xchat-creating-a-group-chat-3c481bf6-0865-47a9-9cc9-c5bf6025bfe4/001-82f6a846-5a6d-401f-aa47-be87089e5a17-downloadableSrc-4ba1fe134c56.webp
3c481bf6-0865-47a9-9cc9-c5bf6025bfe4,Creating a group chat,31124a64-058b-4783-809f-ad7dd43ac7d7,Xchat,6901070a-8142-46de-9462-d2c8ba13640a,1,2,c4423dde-5406-4424-a84d-8fa7a8f6fcf3,true,downloadableSrc,200,image/webp,52134,52134,ce0732113a4ec6e315a7b02414d23ad6c0bec6d5181e0bedc1473c84ac03992e,1179,2676,,,bytescale.mobbin.com,f7a1807c1ac98ccf0eecf5078d61346ac9a94ca37a547f5708d580528c9e55c0,/Users/user/mobbin-sides/screen-flows/x-chat/004-xchat-creating-a-group-chat-3c481bf6-0865-47a9-9cc9-c5bf6025bfe4/002-c4423dde-5406-4424-a84d-8fa7a8f6fcf3-downloadableSrc-ce0732113a4e.webp
3c481bf6-0865-47a9-9cc9-c5bf6025bfe4,Creating a group chat,31124a64-058b-4783-809f-ad7dd43ac7d7,Xchat,6901070a-8142-46de-9462-d2c8ba13640a,2,3,f5541075-2d7f-452e-94a9-5c75a0576019,true,downloadableSrc,200,image/webp,23340,23340,bd24c276c9a2ca476c97814a79fd3a6d7352e6a19158dcc2bdba4f6d80448457,1179,2676,,,bytescale.mobbin.com,f7a1807c1ac98ccf0eecf5078d61346ac9a94ca37a547f5708d580528c9e55c0,/Users/user/mobbin-sides/screen-flows/x-chat/004-xchat-creating-a-group-chat-3c481bf6-0865-47a9-9cc9-c5bf6025bfe4/003-f5541075-2d7f-452e-94a9-5c75a0576019-downloadableSrc-bd24c276c9a2.webp
3c481bf6-0865-47a9-9cc9-c5bf6025bfe4,Creating a group chat,31124a64-058b-4783-809f-ad7dd43ac7d7,Xchat,6901070a-8142-46de-9462-d2c8ba13640a,3,4,01da175d-56b8-449a-a53b-804ebe471f43,true,downloadableSrc,200,image/webp,26256,26256,d25a3edb3b912b43d53226068ea5768c4d60c7924a4dd004136668c780c368ae,1179,2676,,,bytescale.mobbin.com,f7a1807c1ac98ccf0eecf5078d61346ac9a94ca37a547f5708d580528c9e55c0,/Users/user/mobbin-sides/screen-flows/x-chat/004-xchat-creating-a-group-chat-3c481bf6-0865-47a9-9cc9-c5bf6025bfe4/004-01da175d-56b8-449a-a53b-804ebe471f43-downloadableSrc-d25a3edb3b91.webp
3c481bf6-0865-47a9-9cc9-c5bf6025bfe4,Creating a group chat,31124a64-058b-4783-809f-ad7dd43ac7d7,Xchat,6901070a-8142-46de-9462-d2c8ba13640a,4,5,19ebd708-950a-45d9-bd03-14d385b59c0b,true,downloadableSrc,200,image/webp,30684,30684,1a70a80614038f64d8d667a456316d105efb0e98b480aa915b617161017dd309,1179,2676,,,bytescale.mobbin.com,f7a1807c1ac98ccf0eecf5078d61346ac9a94ca37a547f5708d580528c9e55c0,/Users/user/mobbin-sides/screen-flows/x-chat/004-xchat-creating-a-group-chat-3c481bf6-0865-47a9-9cc9-c5bf6025bfe4/005-19ebd708-950a-45d9-bd03-14d385b59c0b-downloadableSrc-1a70a8061403.webp
3c481bf6-0865-47a9-9cc9-c5bf6025bfe4,Creating a group chat,31124a64-058b-4783-809f-ad7dd43ac7d7,Xchat,6901070a-8142-46de-9462-d2c8ba13640a,5,6,94481d1c-38ea-4500-87f2-693f8340c38a,true,downloadableSrc,200,image/webp,19378,19378,d2b584d99d0475de0cbfd693f96428a3eaf5e0467b698356d51dfbbfac2bfdb0,1179,2676,,,bytescale.mobbin.com,f7a1807c1ac98ccf0eecf5078d61346ac9a94ca37a547f5708d580528c9e55c0,/Users/user/mobbin-sides/screen-flows/x-chat/004-xchat-creating-a-group-chat-3c481bf6-0865-47a9-9cc9-c5bf6025bfe4/006-94481d1c-38ea-4500-87f2-693f8340c38a-downloadableSrc-d2b584d99d04.webp
c54003f4-0f97-41e0-b919-a3abecd27e34,Chatting in a group (picture),31124a64-058b-4783-809f-ad7dd43ac7d7,Xchat,6901070a-8142-46de-9462-d2c8ba13640a,0,1,94481d1c-38ea-4500-87f2-693f8340c38a,true,downloadableSrc,200,image/webp,19378,19378,d2b584d99d0475de0cbfd693f96428a3eaf5e0467b698356d51dfbbfac2bfdb0,1179,2676,,,bytescale.mobbin.com,f7a1807c1ac98ccf0eecf5078d61346ac9a94ca37a547f5708d580528c9e55c0,/Users/user/mobbin-sides/screen-flows/x-chat/005-xchat-chatting-in-a-group-picture-c54003f4-0f97-41e0-b919-a3abecd27e34/001-94481d1c-38ea-4500-87f2-693f8340c38a-downloadableSrc-d2b584d99d04.webp
c54003f4-0f97-41e0-b919-a3abecd27e34,Chatting in a group (picture),31124a64-058b-4783-809f-ad7dd43ac7d7,Xchat,6901070a-8142-46de-9462-d2c8ba13640a,1,2,2ba69372-cd71-4bec-b937-2d99dae6a748,true,downloadableSrc,200,image/webp,26286,26286,07cd6a10550f064374eed88e2baeea0d444e3fdb176387d7a8e7ae1b00fbf244,1179,2676,,,bytescale.mobbin.com,f7a1807c1ac98ccf0eecf5078d61346ac9a94ca37a547f5708d580528c9e55c0,/Users/user/mobbin-sides/screen-flows/x-chat/005-xchat-chatting-in-a-group-picture-c54003f4-0f97-41e0-b919-a3abecd27e34/002-2ba69372-cd71-4bec-b937-2d99dae6a748-downloadableSrc-07cd6a10550f.webp
c54003f4-0f97-41e0-b919-a3abecd27e34,Chatting in a group (picture),31124a64-058b-4783-809f-ad7dd43ac7d7,Xchat,6901070a-8142-46de-9462-d2c8ba13640a,2,3,11a1b0f9-0bf4-4fdc-b5ba-30f4a8968b54,true,downloadableSrc,200,image/webp,30156,30156,d4f21e58f23c7623670dc9200471371ca768ad49cda50c528dfcb016d5bc38b3,1179,2676,,,bytescale.mobbin.com,f7a1807c1ac98ccf0eecf5078d61346ac9a94ca37a547f5708d580528c9e55c0,/Users/user/mobbin-sides/screen-flows/x-chat/005-xchat-chatting-in-a-group-picture-c54003f4-0f97-41e0-b919-a3abecd27e34/003-11a1b0f9-0bf4-4fdc-b5ba-30f4a8968b54-downloadableSrc-d4f21e58f23c.webp
c54003f4-0f97-41e0-b919-a3abecd27e34,Chatting in a group (picture),31124a64-058b-4783-809f-ad7dd43ac7d7,Xchat,6901070a-8142-46de-9462-d2c8ba13640a,3,4,eb350ffe-1168-4786-a60f-ff9f082e592b,true,downloadableSrc,200,image/webp,31782,31782,8658c2227c595b7784e6f6a002d0f6c1ad250c2a94a76952691d5757e67b6d8a,1179,2676,,,bytescale.mobbin.com,f7a1807c1ac98ccf0eecf5078d61346ac9a94ca37a547f5708d580528c9e55c0,/Users/user/mobbin-sides/screen-flows/x-chat/005-xchat-chatting-in-a-group-picture-c54003f4-0f97-41e0-b919-a3abecd27e34/004-eb350ffe-1168-4786-a60f-ff9f082e592b-downloadableSrc-8658c2227c59.webp
c54003f4-0f97-41e0-b919-a3abecd27e34,Chatting in a group (picture),31124a64-058b-4783-809f-ad7dd43ac7d7,Xchat,6901070a-8142-46de-9462-d2c8ba13640a,4,5,9cab21e5-30f1-4237-acaa-d1308861f2b5,true,downloadableSrc,200,image/webp,100898,100898,d6ba4c6aae19fa5d36ff06ee5be92c93235394bd0f709c2becedf3ffb17a4d5e,1179,2676,,,bytescale.mobbin.com,f7a1807c1ac98ccf0eecf5078d61346ac9a94ca37a547f5708d580528c9e55c0,/Users/user/mobbin-sides/screen-flows/x-chat/005-xchat-chatting-in-a-group-picture-c54003f4-0f97-41e0-b919-a3abecd27e34/005-9cab21e5-30f1-4237-acaa-d1308861f2b5-downloadableSrc-d6ba4c6aae19.webp
8201ac5b-df9f-4384-8449-94eea80ca94b,Chatting in a group,31124a64-058b-4783-809f-ad7dd43ac7d7,Xchat,6901070a-8142-46de-9462-d2c8ba13640a,0,1,94481d1c-38ea-4500-87f2-693f8340c38a,true,downloadableSrc,200,image/webp,19378,19378,d2b584d99d0475de0cbfd693f96428a3eaf5e0467b698356d51dfbbfac2bfdb0,1179,2676,,,bytescale.mobbin.com,f7a1807c1ac98ccf0eecf5078d61346ac9a94ca37a547f5708d580528c9e55c0,/Users/user/mobbin-sides/screen-flows/x-chat/006-xchat-chatting-in-a-group-8201ac5b-df9f-4384-8449-94eea80ca94b/001-94481d1c-38ea-4500-87f2-693f8340c38a-downloadableSrc-d2b584d99d04.webp
8201ac5b-df9f-4384-8449-94eea80ca94b,Chatting in a group,31124a64-058b-4783-809f-ad7dd43ac7d7,Xchat,6901070a-8142-46de-9462-d2c8ba13640a,1,2,33734ab5-aab6-4e8b-85a3-82d8e70d38d4,true,downloadableSrc,200,image/webp,36516,36516,5e09afedc5296148baad24fa49715c57f7a55df9d328b3f12895a10a0d834646,1179,2676,,,bytescale.mobbin.com,f7a1807c1ac98ccf0eecf5078d61346ac9a94ca37a547f5708d580528c9e55c0,/Users/user/mobbin-sides/screen-flows/x-chat/006-xchat-chatting-in-a-group-8201ac5b-df9f-4384-8449-94eea80ca94b/002-33734ab5-aab6-4e8b-85a3-82d8e70d38d4-downloadableSrc-5e09afedc529.webp
8201ac5b-df9f-4384-8449-94eea80ca94b,Chatting in a group,31124a64-058b-4783-809f-ad7dd43ac7d7,Xchat,6901070a-8142-46de-9462-d2c8ba13640a,2,3,2e5eaa7b-3447-40b1-a672-54bb0951ad2e,true,downloadableSrc,200,image/webp,38716,38716,962cca9bf0a341d137a867b98a59264913856db4a17d64bc6f943f6d5cd58164,1179,2676,,,bytescale.mobbin.com,f7a1807c1ac98ccf0eecf5078d61346ac9a94ca37a547f5708d580528c9e55c0,/Users/user/mobbin-sides/screen-flows/x-chat/006-xchat-chatting-in-a-group-8201ac5b-df9f-4384-8449-94eea80ca94b/003-2e5eaa7b-3447-40b1-a672-54bb0951ad2e-downloadableSrc-962cca9bf0a3.webp
8201ac5b-df9f-4384-8449-94eea80ca94b,Chatting in a group,31124a64-058b-4783-809f-ad7dd43ac7d7,Xchat,6901070a-8142-46de-9462-d2c8ba13640a,3,4,0dd41980-ec50-40e4-a405-63734baa96bb,true,downloadableSrc,200,image/webp,27726,27726,84593f673b7c2b99e97320270a6f97b4f48b6132dd9b4d55875daae082d24b5c,1180,2676,,,bytescale.mobbin.com,f7a1807c1ac98ccf0eecf5078d61346ac9a94ca37a547f5708d580528c9e55c0,/Users/user/mobbin-sides/screen-flows/x-chat/006-xchat-chatting-in-a-group-8201ac5b-df9f-4384-8449-94eea80ca94b/004-0dd41980-ec50-40e4-a405-63734baa96bb-downloadableSrc-84593f673b7c.webp
8201ac5b-df9f-4384-8449-94eea80ca94b,Chatting in a group,31124a64-058b-4783-809f-ad7dd43ac7d7,Xchat,6901070a-8142-46de-9462-d2c8ba13640a,4,5,aa5eabf7-4330-4f18-a57a-345ea46794c8,true,downloadableSrc,200,image/webp,35628,35628,4a2708f39e56cf41cfe9bfedd30f1838b9397a8191f7954a88085d55ead829eb,1179,2676,,,bytescale.mobbin.com,f7a1807c1ac98ccf0eecf5078d61346ac9a94ca37a547f5708d580528c9e55c0,/Users/user/mobbin-sides/screen-flows/x-chat/006-xchat-chatting-in-a-group-8201ac5b-df9f-4384-8449-94eea80ca94b/005-aa5eabf7-4330-4f18-a57a-345ea46794c8-downloadableSrc-4a2708f39e56.webp
f2552a60-4274-4b78-ba16-2b184afc710c,Giving a reaction,31124a64-058b-4783-809f-ad7dd43ac7d7,Xchat,6901070a-8142-46de-9462-d2c8ba13640a,0,1,0dd41980-ec50-40e4-a405-63734baa96bb,true,downloadableSrc,200,image/webp,27726,27726,84593f673b7c2b99e97320270a6f97b4f48b6132dd9b4d55875daae082d24b5c,1180,2676,,,bytescale.mobbin.com,f7a1807c1ac98ccf0eecf5078d61346ac9a94ca37a547f5708d580528c9e55c0,/Users/user/mobbin-sides/screen-flows/x-chat/007-xchat-giving-a-reaction-f2552a60-4274-4b78-ba16-2b184afc710c/001-0dd41980-ec50-40e4-a405-63734baa96bb-downloadableSrc-84593f673b7c.webp
f2552a60-4274-4b78-ba16-2b184afc710c,Giving a reaction,31124a64-058b-4783-809f-ad7dd43ac7d7,Xchat,6901070a-8142-46de-9462-d2c8ba13640a,1,2,64cdcbe2-42ad-4dfc-98fe-82e598ac9653,true,downloadableSrc,200,image/webp,48876,48876,4fa735d581b3014f2b108b06b5dfab2a86504bc133565adfda8a82414f0c1345,1179,2676,,,bytescale.mobbin.com,f7a1807c1ac98ccf0eecf5078d61346ac9a94ca37a547f5708d580528c9e55c0,/Users/user/mobbin-sides/screen-flows/x-chat/007-xchat-giving-a-reaction-f2552a60-4274-4b78-ba16-2b184afc710c/002-64cdcbe2-42ad-4dfc-98fe-82e598ac9653-downloadableSrc-4fa735d581b3.webp
f2552a60-4274-4b78-ba16-2b184afc710c,Giving a reaction,31124a64-058b-4783-809f-ad7dd43ac7d7,Xchat,6901070a-8142-46de-9462-d2c8ba13640a,2,3,8fd457bd-2413-4b08-bfbd-52ff5e6345bd,true,downloadableSrc,200,image/webp,31276,31276,fff0993b1f08b79358bbadbf97296657caa29775ee8a324664971f785f5cbfe0,1179,2676,,,bytescale.mobbin.com,f7a1807c1ac98ccf0eecf5078d61346ac9a94ca37a547f5708d580528c9e55c0,/Users/user/mobbin-sides/screen-flows/x-chat/007-xchat-giving-a-reaction-f2552a60-4274-4b78-ba16-2b184afc710c/003-8fd457bd-2413-4b08-bfbd-52ff5e6345bd-downloadableSrc-fff0993b1f08.webp
d070ee31-13bb-4dd4-b474-f948aacc7919,Replying to a message,31124a64-058b-4783-809f-ad7dd43ac7d7,Xchat,6901070a-8142-46de-9462-d2c8ba13640a,0,1,64cdcbe2-42ad-4dfc-98fe-82e598ac9653,true,downloadableSrc,200,image/webp,48876,48876,4fa735d581b3014f2b108b06b5dfab2a86504bc133565adfda8a82414f0c1345,1179,2676,,,bytescale.mobbin.com,f7a1807c1ac98ccf0eecf5078d61346ac9a94ca37a547f5708d580528c9e55c0,/Users/user/mobbin-sides/screen-flows/x-chat/008-xchat-replying-to-a-message-d070ee31-13bb-4dd4-b474-f948aacc7919/001-64cdcbe2-42ad-4dfc-98fe-82e598ac9653-downloadableSrc-4fa735d581b3.webp
d070ee31-13bb-4dd4-b474-f948aacc7919,Replying to a message,31124a64-058b-4783-809f-ad7dd43ac7d7,Xchat,6901070a-8142-46de-9462-d2c8ba13640a,1,2,66f3a0fc-5c1a-4870-a2ef-f60652360ee6,true,downloadableSrc,200,image/webp,35240,35240,670929b5b420720557b2b339d0f08be81fa3d2fdac1da5ce521d8d1b95ddb150,1179,2676,,,bytescale.mobbin.com,f7a1807c1ac98ccf0eecf5078d61346ac9a94ca37a547f5708d580528c9e55c0,/Users/user/mobbin-sides/screen-flows/x-chat/008-xchat-replying-to-a-message-d070ee31-13bb-4dd4-b474-f948aacc7919/002-66f3a0fc-5c1a-4870-a2ef-f60652360ee6-downloadableSrc-670929b5b420.webp
d070ee31-13bb-4dd4-b474-f948aacc7919,Replying to a message,31124a64-058b-4783-809f-ad7dd43ac7d7,Xchat,6901070a-8142-46de-9462-d2c8ba13640a,2,3,a64cc9d4-0085-46ad-abcb-c57ef737a1ac,true,downloadableSrc,200,image/webp,37042,37042,ca989856bc6f45f95b983ef2703218c27f32e3d4c6faf6b7f840e9762f39678f,1179,2676,,,bytescale.mobbin.com,f7a1807c1ac98ccf0eecf5078d61346ac9a94ca37a547f5708d580528c9e55c0,/Users/user/mobbin-sides/screen-flows/x-chat/008-xchat-replying-to-a-message-d070ee31-13bb-4dd4-b474-f948aacc7919/003-a64cc9d4-0085-46ad-abcb-c57ef737a1ac-downloadableSrc-ca989856bc6f.webp
d070ee31-13bb-4dd4-b474-f948aacc7919,Replying to a message,31124a64-058b-4783-809f-ad7dd43ac7d7,Xchat,6901070a-8142-46de-9462-d2c8ba13640a,3,4,fc5111f4-5199-4fa1-8cb9-7520ce193a6a,true,downloadableSrc,200,image/webp,37598,37598,b414af217b4a3da387fef5f4d25e2f9fd3e5cbcd19b7aeab08797090f3115012,1179,2676,,,bytescale.mobbin.com,f7a1807c1ac98ccf0eecf5078d61346ac9a94ca37a547f5708d580528c9e55c0,/Users/user/mobbin-sides/screen-flows/x-chat/008-xchat-replying-to-a-message-d070ee31-13bb-4dd4-b474-f948aacc7919/004-fc5111f4-5199-4fa1-8cb9-7520ce193a6a-downloadableSrc-b414af217b4a.webp
57766dd1-2248-412d-a768-9144b571a9a5,Forwarding a message,31124a64-058b-4783-809f-ad7dd43ac7d7,Xchat,6901070a-8142-46de-9462-d2c8ba13640a,0,1,64cdcbe2-42ad-4dfc-98fe-82e598ac9653,true,downloadableSrc,200,image/webp,48876,48876,4fa735d581b3014f2b108b06b5dfab2a86504bc133565adfda8a82414f0c1345,1179,2676,,,bytescale.mobbin.com,f7a1807c1ac98ccf0eecf5078d61346ac9a94ca37a547f5708d580528c9e55c0,/Users/user/mobbin-sides/screen-flows/x-chat/009-xchat-forwarding-a-message-57766dd1-2248-412d-a768-9144b571a9a5/001-64cdcbe2-42ad-4dfc-98fe-82e598ac9653-downloadableSrc-4fa735d581b3.webp
57766dd1-2248-412d-a768-9144b571a9a5,Forwarding a message,31124a64-058b-4783-809f-ad7dd43ac7d7,Xchat,6901070a-8142-46de-9462-d2c8ba13640a,1,2,3f29b38f-e65b-4218-8980-1b634e0a5bfe,true,downloadableSrc,200,image/webp,32608,32608,69e4d8bbb7b2cf5a34c0336e660fb97d1e0cb2ceb731d4cdc4bdf6cb58f5375e,1179,2676,,,bytescale.mobbin.com,f7a1807c1ac98ccf0eecf5078d61346ac9a94ca37a547f5708d580528c9e55c0,/Users/user/mobbin-sides/screen-flows/x-chat/009-xchat-forwarding-a-message-57766dd1-2248-412d-a768-9144b571a9a5/002-3f29b38f-e65b-4218-8980-1b634e0a5bfe-downloadableSrc-69e4d8bbb7b2.webp
57766dd1-2248-412d-a768-9144b571a9a5,Forwarding a message,31124a64-058b-4783-809f-ad7dd43ac7d7,Xchat,6901070a-8142-46de-9462-d2c8ba13640a,2,3,cf22cf52-c90b-4bbb-bc83-bd7d63b39e00,true,downloadableSrc,200,image/webp,27148,27148,95d28660e4205400daad091a4af02d59306cf91de24714d0dffaeba1cc5d91f7,1179,2676,,,bytescale.mobbin.com,f7a1807c1ac98ccf0eecf5078d61346ac9a94ca37a547f5708d580528c9e55c0,/Users/user/mobbin-sides/screen-flows/x-chat/009-xchat-forwarding-a-message-57766dd1-2248-412d-a768-9144b571a9a5/003-cf22cf52-c90b-4bbb-bc83-bd7d63b39e00-downloadableSrc-95d28660e420.webp
57766dd1-2248-412d-a768-9144b571a9a5,Forwarding a message,31124a64-058b-4783-809f-ad7dd43ac7d7,Xchat,6901070a-8142-46de-9462-d2c8ba13640a,3,4,fc5111f4-5199-4fa1-8cb9-7520ce193a6a,true,downloadableSrc,200,image/webp,37598,37598,b414af217b4a3da387fef5f4d25e2f9fd3e5cbcd19b7aeab08797090f3115012,1179,2676,,,bytescale.mobbin.com,f7a1807c1ac98ccf0eecf5078d61346ac9a94ca37a547f5708d580528c9e55c0,/Users/user/mobbin-sides/screen-flows/x-chat/009-xchat-forwarding-a-message-57766dd1-2248-412d-a768-9144b571a9a5/004-fc5111f4-5199-4fa1-8cb9-7520ce193a6a-downloadableSrc-b414af217b4a.webp
1cf68cb5-9fbb-43db-91bc-5c299ddfaba5,Deleting a message,31124a64-058b-4783-809f-ad7dd43ac7d7,Xchat,6901070a-8142-46de-9462-d2c8ba13640a,0,1,64cdcbe2-42ad-4dfc-98fe-82e598ac9653,true,downloadableSrc,200,image/webp,48876,48876,4fa735d581b3014f2b108b06b5dfab2a86504bc133565adfda8a82414f0c1345,1179,2676,,,bytescale.mobbin.com,f7a1807c1ac98ccf0eecf5078d61346ac9a94ca37a547f5708d580528c9e55c0,/Users/user/mobbin-sides/screen-flows/x-chat/010-xchat-deleting-a-message-1cf68cb5-9fbb-43db-91bc-5c299ddfaba5/001-64cdcbe2-42ad-4dfc-98fe-82e598ac9653-downloadableSrc-4fa735d581b3.webp
1cf68cb5-9fbb-43db-91bc-5c299ddfaba5,Deleting a message,31124a64-058b-4783-809f-ad7dd43ac7d7,Xchat,6901070a-8142-46de-9462-d2c8ba13640a,1,2,bc8a4ddd-5ea3-4d38-9c93-e21017815296,true,downloadableSrc,200,image/webp,41900,41900,8eb561f9c8f2282be9750af6f76390c6a8b107ab47416603fe88eaad00d3a7be,1179,2676,,,bytescale.mobbin.com,f7a1807c1ac98ccf0eecf5078d61346ac9a94ca37a547f5708d580528c9e55c0,/Users/user/mobbin-sides/screen-flows/x-chat/010-xchat-deleting-a-message-1cf68cb5-9fbb-43db-91bc-5c299ddfaba5/002-bc8a4ddd-5ea3-4d38-9c93-e21017815296-downloadableSrc-8eb561f9c8f2.webp
1cf68cb5-9fbb-43db-91bc-5c299ddfaba5,Deleting a message,31124a64-058b-4783-809f-ad7dd43ac7d7,Xchat,6901070a-8142-46de-9462-d2c8ba13640a,2,3,6756cd29-6110-487b-a127-488d144bb3c8,true,downloadableSrc,200,image/webp,46798,46798,5a89a5d2af1fd65811a6c414483437a33d65c95fba982640c2bceca1fe69d682,1179,2676,,,bytescale.mobbin.com,f7a1807c1ac98ccf0eecf5078d61346ac9a94ca37a547f5708d580528c9e55c0,/Users/user/mobbin-sides/screen-flows/x-chat/010-xchat-deleting-a-message-1cf68cb5-9fbb-43db-91bc-5c299ddfaba5/003-6756cd29-6110-487b-a127-488d144bb3c8-downloadableSrc-5a89a5d2af1f.webp
1cf68cb5-9fbb-43db-91bc-5c299ddfaba5,Deleting a message,31124a64-058b-4783-809f-ad7dd43ac7d7,Xchat,6901070a-8142-46de-9462-d2c8ba13640a,3,4,66f22415-3dc0-44c4-b64c-446cf9ffa778,true,downloadableSrc,200,image/webp,34504,34504,ad4ecc9dc781f576b351256ab104b30dc13267998e3cfea30425f24979919ab3,1179,2676,,,bytescale.mobbin.com,f7a1807c1ac98ccf0eecf5078d61346ac9a94ca37a547f5708d580528c9e55c0,/Users/user/mobbin-sides/screen-flows/x-chat/010-xchat-deleting-a-message-1cf68cb5-9fbb-43db-91bc-5c299ddfaba5/004-66f22415-3dc0-44c4-b64c-446cf9ffa778-downloadableSrc-ad4ecc9dc781.webp
fee6a077-ffbe-4e0b-8335-badff68b8259,Message information,31124a64-058b-4783-809f-ad7dd43ac7d7,Xchat,6901070a-8142-46de-9462-d2c8ba13640a,0,1,64cdcbe2-42ad-4dfc-98fe-82e598ac9653,true,downloadableSrc,200,image/webp,48876,48876,4fa735d581b3014f2b108b06b5dfab2a86504bc133565adfda8a82414f0c1345,1179,2676,,,bytescale.mobbin.com,f7a1807c1ac98ccf0eecf5078d61346ac9a94ca37a547f5708d580528c9e55c0,/Users/user/mobbin-sides/screen-flows/x-chat/011-xchat-message-information-fee6a077-ffbe-4e0b-8335-badff68b8259/001-64cdcbe2-42ad-4dfc-98fe-82e598ac9653-downloadableSrc-4fa735d581b3.webp
fee6a077-ffbe-4e0b-8335-badff68b8259,Message information,31124a64-058b-4783-809f-ad7dd43ac7d7,Xchat,6901070a-8142-46de-9462-d2c8ba13640a,1,2,421872bc-02b7-4582-bdb2-a2e453ac7cde,true,downloadableSrc,200,image/webp,36520,36520,263f1e25f50867c0028d0df33bd6ac8b94d0b3940502302d6c042766b1a5dd74,1179,2676,,,bytescale.mobbin.com,f7a1807c1ac98ccf0eecf5078d61346ac9a94ca37a547f5708d580528c9e55c0,/Users/user/mobbin-sides/screen-flows/x-chat/011-xchat-message-information-fee6a077-ffbe-4e0b-8335-badff68b8259/002-421872bc-02b7-4582-bdb2-a2e453ac7cde-downloadableSrc-263f1e25f508.webp
dda0ea11-a317-45bb-9d1b-d6fd76e18eab,Recording a voice message,31124a64-058b-4783-809f-ad7dd43ac7d7,Xchat,6901070a-8142-46de-9462-d2c8ba13640a,0,1,94481d1c-38ea-4500-87f2-693f8340c38a,true,downloadableSrc,200,image/webp,19378,19378,d2b584d99d0475de0cbfd693f96428a3eaf5e0467b698356d51dfbbfac2bfdb0,1179,2676,,,bytescale.mobbin.com,f7a1807c1ac98ccf0eecf5078d61346ac9a94ca37a547f5708d580528c9e55c0,/Users/user/mobbin-sides/screen-flows/x-chat/012-xchat-recording-a-voice-message-dda0ea11-a317-45bb-9d1b-d6fd76e18eab/001-94481d1c-38ea-4500-87f2-693f8340c38a-downloadableSrc-d2b584d99d04.webp
dda0ea11-a317-45bb-9d1b-d6fd76e18eab,Recording a voice message,31124a64-058b-4783-809f-ad7dd43ac7d7,Xchat,6901070a-8142-46de-9462-d2c8ba13640a,1,2,d44063ff-fe5b-47a7-98ac-7ed3ae540b98,true,downloadableSrc,200,image/webp,39224,39224,4a2325836ffdb76d9335158083378428ec14c92d52051ec6b133f58b58e51f0e,1180,2676,,,bytescale.mobbin.com,f7a1807c1ac98ccf0eecf5078d61346ac9a94ca37a547f5708d580528c9e55c0,/Users/user/mobbin-sides/screen-flows/x-chat/012-xchat-recording-a-voice-message-dda0ea11-a317-45bb-9d1b-d6fd76e18eab/002-d44063ff-fe5b-47a7-98ac-7ed3ae540b98-downloadableSrc-4a2325836ffd.webp
dda0ea11-a317-45bb-9d1b-d6fd76e18eab,Recording a voice message,31124a64-058b-4783-809f-ad7dd43ac7d7,Xchat,6901070a-8142-46de-9462-d2c8ba13640a,2,3,10edd5e5-edca-4e09-9bdd-aa882b71a8ab,true,downloadableSrc,200,image/webp,41840,41840,56eb4d204c06a433b509a2b33567e135a4cd062c8e7dc875cb3be1bb8625d0ae,1180,2676,,,bytescale.mobbin.com,f7a1807c1ac98ccf0eecf5078d61346ac9a94ca37a547f5708d580528c9e55c0,/Users/user/mobbin-sides/screen-flows/x-chat/012-xchat-recording-a-voice-message-dda0ea11-a317-45bb-9d1b-d6fd76e18eab/003-10edd5e5-edca-4e09-9bdd-aa882b71a8ab-downloadableSrc-56eb4d204c06.webp
dda0ea11-a317-45bb-9d1b-d6fd76e18eab,Recording a voice message,31124a64-058b-4783-809f-ad7dd43ac7d7,Xchat,6901070a-8142-46de-9462-d2c8ba13640a,3,4,ea6b522a-0517-4516-b8ff-bbe6cb932294,true,downloadableSrc,200,image/webp,46068,46068,465de4505d455d9afb3928493c2eb87a4b1c77a7b582a9b0003238856a5023c9,1180,2676,,,bytescale.mobbin.com,f7a1807c1ac98ccf0eecf5078d61346ac9a94ca37a547f5708d580528c9e55c0,/Users/user/mobbin-sides/screen-flows/x-chat/012-xchat-recording-a-voice-message-dda0ea11-a317-45bb-9d1b-d6fd76e18eab/004-ea6b522a-0517-4516-b8ff-bbe6cb932294-downloadableSrc-465de4505d45.webp
95457783-d11e-432a-9bf0-1a9dad482099,Listening to voice message,31124a64-058b-4783-809f-ad7dd43ac7d7,Xchat,6901070a-8142-46de-9462-d2c8ba13640a,0,1,10edd5e5-edca-4e09-9bdd-aa882b71a8ab,true,downloadableSrc,200,image/webp,41840,41840,56eb4d204c06a433b509a2b33567e135a4cd062c8e7dc875cb3be1bb8625d0ae,1180,2676,,,bytescale.mobbin.com,f7a1807c1ac98ccf0eecf5078d61346ac9a94ca37a547f5708d580528c9e55c0,/Users/user/mobbin-sides/screen-flows/x-chat/013-xchat-listening-to-voice-message-95457783-d11e-432a-9bf0-1a9dad482099/001-10edd5e5-edca-4e09-9bdd-aa882b71a8ab-downloadableSrc-56eb4d204c06.webp
95457783-d11e-432a-9bf0-1a9dad482099,Listening to voice message,31124a64-058b-4783-809f-ad7dd43ac7d7,Xchat,6901070a-8142-46de-9462-d2c8ba13640a,1,2,00b8ff4a-39fd-4a3c-9745-0a7d11ae2e8d,true,downloadableSrc,200,image/webp,42586,42586,132b2cd548000e96dd3017e7070603bf195dc5bd37bc76e2c0d142c447c9e59f,1180,2676,,,bytescale.mobbin.com,f7a1807c1ac98ccf0eecf5078d61346ac9a94ca37a547f5708d580528c9e55c0,/Users/user/mobbin-sides/screen-flows/x-chat/013-xchat-listening-to-voice-message-95457783-d11e-432a-9bf0-1a9dad482099/002-00b8ff4a-39fd-4a3c-9745-0a7d11ae2e8d-downloadableSrc-132b2cd54800.webp
c9ac2993-c4ad-4331-990b-022b11adc20b,Group profile,31124a64-058b-4783-809f-ad7dd43ac7d7,Xchat,6901070a-8142-46de-9462-d2c8ba13640a,0,1,94481d1c-38ea-4500-87f2-693f8340c38a,true,downloadableSrc,200,image/webp,19378,19378,d2b584d99d0475de0cbfd693f96428a3eaf5e0467b698356d51dfbbfac2bfdb0,1179,2676,,,bytescale.mobbin.com,f7a1807c1ac98ccf0eecf5078d61346ac9a94ca37a547f5708d580528c9e55c0,/Users/user/mobbin-sides/screen-flows/x-chat/014-xchat-group-profile-c9ac2993-c4ad-4331-990b-022b11adc20b/001-94481d1c-38ea-4500-87f2-693f8340c38a-downloadableSrc-d2b584d99d04.webp
c9ac2993-c4ad-4331-990b-022b11adc20b,Group profile,31124a64-058b-4783-809f-ad7dd43ac7d7,Xchat,6901070a-8142-46de-9462-d2c8ba13640a,1,2,15e9010f-d007-4d8a-9d56-6b3b35da2dd0,true,downloadableSrc,200,image/webp,55740,55740,3b610ec3c51f6cdd82258cae6adab0449cd3334c13df1e863e5e8c8fd793ea68,1179,2676,,,bytescale.mobbin.com,f7a1807c1ac98ccf0eecf5078d61346ac9a94ca37a547f5708d580528c9e55c0,/Users/user/mobbin-sides/screen-flows/x-chat/014-xchat-group-profile-c9ac2993-c4ad-4331-990b-022b11adc20b/002-15e9010f-d007-4d8a-9d56-6b3b35da2dd0-downloadableSrc-3b610ec3c51f.webp
3ea1ae7c-7fd7-41cc-9489-cc879412bf1b,Muting a group chat,31124a64-058b-4783-809f-ad7dd43ac7d7,Xchat,6901070a-8142-46de-9462-d2c8ba13640a,0,1,15e9010f-d007-4d8a-9d56-6b3b35da2dd0,true,downloadableSrc,200,image/webp,55740,55740,3b610ec3c51f6cdd82258cae6adab0449cd3334c13df1e863e5e8c8fd793ea68,1179,2676,,,bytescale.mobbin.com,f7a1807c1ac98ccf0eecf5078d61346ac9a94ca37a547f5708d580528c9e55c0,/Users/user/mobbin-sides/screen-flows/x-chat/015-xchat-muting-a-group-chat-3ea1ae7c-7fd7-41cc-9489-cc879412bf1b/001-15e9010f-d007-4d8a-9d56-6b3b35da2dd0-downloadableSrc-3b610ec3c51f.webp
3ea1ae7c-7fd7-41cc-9489-cc879412bf1b,Muting a group chat,31124a64-058b-4783-809f-ad7dd43ac7d7,Xchat,6901070a-8142-46de-9462-d2c8ba13640a,1,2,5e2796b6-caf2-4bde-9543-9086440bd076,true,downloadableSrc,200,image/webp,55656,55656,bcb392ca2b31fb877b6117605d48e08bd8d0b7600f9695fbc1d6b8a36bc3a764,1179,2676,,,bytescale.mobbin.com,f7a1807c1ac98ccf0eecf5078d61346ac9a94ca37a547f5708d580528c9e55c0,/Users/user/mobbin-sides/screen-flows/x-chat/015-xchat-muting-a-group-chat-3ea1ae7c-7fd7-41cc-9489-cc879412bf1b/002-5e2796b6-caf2-4bde-9543-9086440bd076-downloadableSrc-bcb392ca2b31.webp
9df0b722-e142-4fc2-b9a1-0c38ac203171,Shared media,31124a64-058b-4783-809f-ad7dd43ac7d7,Xchat,6901070a-8142-46de-9462-d2c8ba13640a,0,1,15e9010f-d007-4d8a-9d56-6b3b35da2dd0,true,downloadableSrc,200,image/webp,55740,55740,3b610ec3c51f6cdd82258cae6adab0449cd3334c13df1e863e5e8c8fd793ea68,1179,2676,,,bytescale.mobbin.com,f7a1807c1ac98ccf0eecf5078d61346ac9a94ca37a547f5708d580528c9e55c0,/Users/user/mobbin-sides/screen-flows/x-chat/016-xchat-shared-media-9df0b722-e142-4fc2-b9a1-0c38ac203171/001-15e9010f-d007-4d8a-9d56-6b3b35da2dd0-downloadableSrc-3b610ec3c51f.webp
9df0b722-e142-4fc2-b9a1-0c38ac203171,Shared media,31124a64-058b-4783-809f-ad7dd43ac7d7,Xchat,6901070a-8142-46de-9462-d2c8ba13640a,1,2,ec3880b3-0772-47b4-bccf-dd72ff8af4c4,true,downloadableSrc,200,image/webp,20206,20206,d45760098cd20ec99a6650e5ad7d6c0851cad226ac9ef96ac739f42c2881eb4d,1179,2676,,,bytescale.mobbin.com,f7a1807c1ac98ccf0eecf5078d61346ac9a94ca37a547f5708d580528c9e55c0,/Users/user/mobbin-sides/screen-flows/x-chat/016-xchat-shared-media-9df0b722-e142-4fc2-b9a1-0c38ac203171/002-ec3880b3-0772-47b4-bccf-dd72ff8af4c4-downloadableSrc-d45760098cd2.webp
c855e68e-d9f9-44ff-8109-5ddf8d9b1977,Enabling disappearing messages,31124a64-058b-4783-809f-ad7dd43ac7d7,Xchat,6901070a-8142-46de-9462-d2c8ba13640a,0,1,15e9010f-d007-4d8a-9d56-6b3b35da2dd0,true,downloadableSrc,200,image/webp,55740,55740,3b610ec3c51f6cdd82258cae6adab0449cd3334c13df1e863e5e8c8fd793ea68,1179,2676,,,bytescale.mobbin.com,f7a1807c1ac98ccf0eecf5078d61346ac9a94ca37a547f5708d580528c9e55c0,/Users/user/mobbin-sides/screen-flows/x-chat/017-xchat-enabling-disappearing-messages-c855e68e-d9f9-44ff-8109-5ddf8d9b1977/001-15e9010f-d007-4d8a-9d56-6b3b35da2dd0-downloadableSrc-3b610ec3c51f.webp
c855e68e-d9f9-44ff-8109-5ddf8d9b1977,Enabling disappearing messages,31124a64-058b-4783-809f-ad7dd43ac7d7,Xchat,6901070a-8142-46de-9462-d2c8ba13640a,1,2,99d99b07-7275-49f9-af3a-ad364ea1cda4,true,downloadableSrc,200,image/webp,43632,43632,8cd249c4d19d77c497acf1ea249f7a86b32bd4ef0d259df1f8069effc9efda1e,1179,2676,,,bytescale.mobbin.com,f7a1807c1ac98ccf0eecf5078d61346ac9a94ca37a547f5708d580528c9e55c0,/Users/user/mobbin-sides/screen-flows/x-chat/017-xchat-enabling-disappearing-messages-c855e68e-d9f9-44ff-8109-5ddf8d9b1977/002-99d99b07-7275-49f9-af3a-ad364ea1cda4-downloadableSrc-8cd249c4d19d.webp
c855e68e-d9f9-44ff-8109-5ddf8d9b1977,Enabling disappearing messages,31124a64-058b-4783-809f-ad7dd43ac7d7,Xchat,6901070a-8142-46de-9462-d2c8ba13640a,2,3,aeb47241-55e0-4021-b86d-f60dee12fca5,true,downloadableSrc,200,image/webp,43642,43642,2918d190fb83e6a8302951d6ec2292407ab8469bb3e55eb1f9df5b23a0873f28,1179,2676,,,bytescale.mobbin.com,f7a1807c1ac98ccf0eecf5078d61346ac9a94ca37a547f5708d580528c9e55c0,/Users/user/mobbin-sides/screen-flows/x-chat/017-xchat-enabling-disappearing-messages-c855e68e-d9f9-44ff-8109-5ddf8d9b1977/003-aeb47241-55e0-4021-b86d-f60dee12fca5-downloadableSrc-2918d190fb83.webp
c855e68e-d9f9-44ff-8109-5ddf8d9b1977,Enabling disappearing messages,31124a64-058b-4783-809f-ad7dd43ac7d7,Xchat,6901070a-8142-46de-9462-d2c8ba13640a,3,4,9ea552f5-1027-4c8a-a1d7-bda48e9efd7b,true,downloadableSrc,200,image/webp,56836,56836,109f1f6a1fc993ee1e84e3f66b298960430fe2349f9a02d64519eb4658e24e29,1179,2676,,,bytescale.mobbin.com,f7a1807c1ac98ccf0eecf5078d61346ac9a94ca37a547f5708d580528c9e55c0,/Users/user/mobbin-sides/screen-flows/x-chat/017-xchat-enabling-disappearing-messages-c855e68e-d9f9-44ff-8109-5ddf8d9b1977/004-9ea552f5-1027-4c8a-a1d7-bda48e9efd7b-downloadableSrc-109f1f6a1fc9.webp
c855e68e-d9f9-44ff-8109-5ddf8d9b1977,Enabling disappearing messages,31124a64-058b-4783-809f-ad7dd43ac7d7,Xchat,6901070a-8142-46de-9462-d2c8ba13640a,4,5,9331be2d-9f67-4084-acf4-d626728f1ad1,true,downloadableSrc,200,image/webp,55864,55864,207fc0b624550d344fc3f4b34f09f121be3a39c94fadafc9db0aab9eb5067d27,1179,2676,,,bytescale.mobbin.com,f7a1807c1ac98ccf0eecf5078d61346ac9a94ca37a547f5708d580528c9e55c0,/Users/user/mobbin-sides/screen-flows/x-chat/017-xchat-enabling-disappearing-messages-c855e68e-d9f9-44ff-8109-5ddf8d9b1977/005-9331be2d-9f67-4084-acf4-d626728f1ad1-downloadableSrc-207fc0b62455.webp
a3083b89-e78e-4956-8de0-c2c3aa7c0b64,Turning on screenshot blocker,31124a64-058b-4783-809f-ad7dd43ac7d7,Xchat,6901070a-8142-46de-9462-d2c8ba13640a,0,1,15e9010f-d007-4d8a-9d56-6b3b35da2dd0,true,downloadableSrc,200,image/webp,55740,55740,3b610ec3c51f6cdd82258cae6adab0449cd3334c13df1e863e5e8c8fd793ea68,1179,2676,,,bytescale.mobbin.com,f7a1807c1ac98ccf0eecf5078d61346ac9a94ca37a547f5708d580528c9e55c0,/Users/user/mobbin-sides/screen-flows/x-chat/018-xchat-turning-on-screenshot-blocker-a3083b89-e78e-4956-8de0-c2c3aa7c0b64/001-15e9010f-d007-4d8a-9d56-6b3b35da2dd0-downloadableSrc-3b610ec3c51f.webp
a3083b89-e78e-4956-8de0-c2c3aa7c0b64,Turning on screenshot blocker,31124a64-058b-4783-809f-ad7dd43ac7d7,Xchat,6901070a-8142-46de-9462-d2c8ba13640a,1,2,9d83a7ed-0796-4bc0-96db-b5635a721e18,true,downloadableSrc,200,image/webp,30796,30796,7d68bf937cf5c1b44bc4793dff94d61669da9019d767ee82ebd19f946d2c4975,1179,2676,,,bytescale.mobbin.com,f7a1807c1ac98ccf0eecf5078d61346ac9a94ca37a547f5708d580528c9e55c0,/Users/user/mobbin-sides/screen-flows/x-chat/018-xchat-turning-on-screenshot-blocker-a3083b89-e78e-4956-8de0-c2c3aa7c0b64/002-9d83a7ed-0796-4bc0-96db-b5635a721e18-downloadableSrc-7d68bf937cf5.webp
a3083b89-e78e-4956-8de0-c2c3aa7c0b64,Turning on screenshot blocker,31124a64-058b-4783-809f-ad7dd43ac7d7,Xchat,6901070a-8142-46de-9462-d2c8ba13640a,2,3,afa014c9-b3fe-4803-a84b-ae9039481242,true,downloadableSrc,200,image/webp,31586,31586,9a885d8a42b62ff0947f5d53301c5d0304863a4f5af48ec20f3effdf86617eea,1179,2676,,,bytescale.mobbin.com,f7a1807c1ac98ccf0eecf5078d61346ac9a94ca37a547f5708d580528c9e55c0,/Users/user/mobbin-sides/screen-flows/x-chat/018-xchat-turning-on-screenshot-blocker-a3083b89-e78e-4956-8de0-c2c3aa7c0b64/003-afa014c9-b3fe-4803-a84b-ae9039481242-downloadableSrc-9a885d8a42b6.webp
e410f7c2-df2f-42ea-a7f0-6a27b7e53c30,Adding a nickname,31124a64-058b-4783-809f-ad7dd43ac7d7,Xchat,6901070a-8142-46de-9462-d2c8ba13640a,0,1,15e9010f-d007-4d8a-9d56-6b3b35da2dd0,true,downloadableSrc,200,image/webp,55740,55740,3b610ec3c51f6cdd82258cae6adab0449cd3334c13df1e863e5e8c8fd793ea68,1179,2676,,,bytescale.mobbin.com,f7a1807c1ac98ccf0eecf5078d61346ac9a94ca37a547f5708d580528c9e55c0,/Users/user/mobbin-sides/screen-flows/x-chat/019-xchat-adding-a-nickname-e410f7c2-df2f-42ea-a7f0-6a27b7e53c30/001-15e9010f-d007-4d8a-9d56-6b3b35da2dd0-downloadableSrc-3b610ec3c51f.webp
e410f7c2-df2f-42ea-a7f0-6a27b7e53c30,Adding a nickname,31124a64-058b-4783-809f-ad7dd43ac7d7,Xchat,6901070a-8142-46de-9462-d2c8ba13640a,1,2,1652be10-6006-47b9-916a-5b178b763555,true,downloadableSrc,200,image/webp,65574,65574,6ba826f9f2b62ff03a1f4c62372bbbb00fdf8ab6b982ca0711f5ab73f145e965,1179,2676,,,bytescale.mobbin.com,f7a1807c1ac98ccf0eecf5078d61346ac9a94ca37a547f5708d580528c9e55c0,/Users/user/mobbin-sides/screen-flows/x-chat/019-xchat-adding-a-nickname-e410f7c2-df2f-42ea-a7f0-6a27b7e53c30/002-1652be10-6006-47b9-916a-5b178b763555-downloadableSrc-6ba826f9f2b6.webp
e410f7c2-df2f-42ea-a7f0-6a27b7e53c30,Adding a nickname,31124a64-058b-4783-809f-ad7dd43ac7d7,Xchat,6901070a-8142-46de-9462-d2c8ba13640a,2,3,375dfba3-6a70-4fe6-aa7d-dff7f55ec33d,true,downloadableSrc,200,image/webp,44154,44154,c2fac3ab5310f29e728afb0c9df371627700fd058e48bc1a10d5cb2f08dd2fed,1179,2676,,,bytescale.mobbin.com,f7a1807c1ac98ccf0eecf5078d61346ac9a94ca37a547f5708d580528c9e55c0,/Users/user/mobbin-sides/screen-flows/x-chat/019-xchat-adding-a-nickname-e410f7c2-df2f-42ea-a7f0-6a27b7e53c30/003-375dfba3-6a70-4fe6-aa7d-dff7f55ec33d-downloadableSrc-c2fac3ab5310.webp
e410f7c2-df2f-42ea-a7f0-6a27b7e53c30,Adding a nickname,31124a64-058b-4783-809f-ad7dd43ac7d7,Xchat,6901070a-8142-46de-9462-d2c8ba13640a,3,4,81a5622c-cb5f-43f3-9d46-1d5a9abbc081,true,downloadableSrc,200,image/webp,45654,45654,c661256be11983ac9ca07affcc239862f6dbc493e10654a8dae0c16e88930028,1179,2676,,,bytescale.mobbin.com,f7a1807c1ac98ccf0eecf5078d61346ac9a94ca37a547f5708d580528c9e55c0,/Users/user/mobbin-sides/screen-flows/x-chat/019-xchat-adding-a-nickname-e410f7c2-df2f-42ea-a7f0-6a27b7e53c30/004-81a5622c-cb5f-43f3-9d46-1d5a9abbc081-downloadableSrc-c661256be119.webp
e410f7c2-df2f-42ea-a7f0-6a27b7e53c30,Adding a nickname,31124a64-058b-4783-809f-ad7dd43ac7d7,Xchat,6901070a-8142-46de-9462-d2c8ba13640a,4,5,eeb73f52-3993-46cb-bc17-544cb673abf7,true,downloadableSrc,200,image/webp,54638,54638,c10ad1b84b269129921a7caaa0e925066ca7048fbc99059f47bb3f87854139be,1179,2676,,,bytescale.mobbin.com,f7a1807c1ac98ccf0eecf5078d61346ac9a94ca37a547f5708d580528c9e55c0,/Users/user/mobbin-sides/screen-flows/x-chat/019-xchat-adding-a-nickname-e410f7c2-df2f-42ea-a7f0-6a27b7e53c30/005-eeb73f52-3993-46cb-bc17-544cb673abf7-downloadableSrc-c10ad1b84b26.webp
172707eb-ff1a-4df3-a4bd-c2fc2d23e97f,Adding a user as an admin,31124a64-058b-4783-809f-ad7dd43ac7d7,Xchat,6901070a-8142-46de-9462-d2c8ba13640a,0,1,1652be10-6006-47b9-916a-5b178b763555,true,downloadableSrc,200,image/webp,65574,65574,6ba826f9f2b62ff03a1f4c62372bbbb00fdf8ab6b982ca0711f5ab73f145e965,1179,2676,,,bytescale.mobbin.com,f7a1807c1ac98ccf0eecf5078d61346ac9a94ca37a547f5708d580528c9e55c0,/Users/user/mobbin-sides/screen-flows/x-chat/020-xchat-adding-a-user-as-an-admin-172707eb-ff1a-4df3-a4bd-c2fc2d23e97f/001-1652be10-6006-47b9-916a-5b178b763555-downloadableSrc-6ba826f9f2b6.webp
172707eb-ff1a-4df3-a4bd-c2fc2d23e97f,Adding a user as an admin,31124a64-058b-4783-809f-ad7dd43ac7d7,Xchat,6901070a-8142-46de-9462-d2c8ba13640a,1,2,ef12de2a-975d-4267-afd1-f33155a07ca1,true,downloadableSrc,200,image/webp,55382,55382,826d8200e7bb80db49202b1fdcdaea2ceb7f8be78be1ee88e6ce3bf3760a45c7,1179,2676,,,bytescale.mobbin.com,f7a1807c1ac98ccf0eecf5078d61346ac9a94ca37a547f5708d580528c9e55c0,/Users/user/mobbin-sides/screen-flows/x-chat/020-xchat-adding-a-user-as-an-admin-172707eb-ff1a-4df3-a4bd-c2fc2d23e97f/002-ef12de2a-975d-4267-afd1-f33155a07ca1-downloadableSrc-826d8200e7bb.webp
b90c29d4-2d57-4d0d-917e-97a5bb28963b,Removing a user from group,31124a64-058b-4783-809f-ad7dd43ac7d7,Xchat,6901070a-8142-46de-9462-d2c8ba13640a,0,1,1652be10-6006-47b9-916a-5b178b763555,true,downloadableSrc,200,image/webp,65574,65574,6ba826f9f2b62ff03a1f4c62372bbbb00fdf8ab6b982ca0711f5ab73f145e965,1179,2676,,,bytescale.mobbin.com,f7a1807c1ac98ccf0eecf5078d61346ac9a94ca37a547f5708d580528c9e55c0,/Users/user/mobbin-sides/screen-flows/x-chat/021-xchat-removing-a-user-from-group-b90c29d4-2d57-4d0d-917e-97a5bb28963b/001-1652be10-6006-47b9-916a-5b178b763555-downloadableSrc-6ba826f9f2b6.webp
b90c29d4-2d57-4d0d-917e-97a5bb28963b,Removing a user from group,31124a64-058b-4783-809f-ad7dd43ac7d7,Xchat,6901070a-8142-46de-9462-d2c8ba13640a,1,2,a5cdf945-ad7c-43df-8029-c8b16291b0b6,true,downloadableSrc,200,image/webp,57264,57264,6c2c9bdac57a6532f4bf1c1536385f7c0224954f15d6d47f29fdc8f34d1b2c0e,1179,2676,,,bytescale.mobbin.com,f7a1807c1ac98ccf0eecf5078d61346ac9a94ca37a547f5708d580528c9e55c0,/Users/user/mobbin-sides/screen-flows/x-chat/021-xchat-removing-a-user-from-group-b90c29d4-2d57-4d0d-917e-97a5bb28963b/002-a5cdf945-ad7c-43df-8029-c8b16291b0b6-downloadableSrc-6c2c9bdac57a.webp
b90c29d4-2d57-4d0d-917e-97a5bb28963b,Removing a user from group,31124a64-058b-4783-809f-ad7dd43ac7d7,Xchat,6901070a-8142-46de-9462-d2c8ba13640a,2,3,e765db83-f57d-4385-b8de-4a76a0daeb7a,true,downloadableSrc,200,image/webp,52072,52072,b718dabf0e0b6c77a5886a3af8586b3d76df5930e5a810a8e025d002309b5202,1179,2676,,,bytescale.mobbin.com,f7a1807c1ac98ccf0eecf5078d61346ac9a94ca37a547f5708d580528c9e55c0,/Users/user/mobbin-sides/screen-flows/x-chat/021-xchat-removing-a-user-from-group-b90c29d4-2d57-4d0d-917e-97a5bb28963b/003-e765db83-f57d-4385-b8de-4a76a0daeb7a-downloadableSrc-b718dabf0e0b.webp
6603f559-6da0-4e06-a1ae-e378e30147ff,Uploading a profile picture,31124a64-058b-4783-809f-ad7dd43ac7d7,Xchat,6901070a-8142-46de-9462-d2c8ba13640a,0,1,15e9010f-d007-4d8a-9d56-6b3b35da2dd0,true,downloadableSrc,200,image/webp,55740,55740,3b610ec3c51f6cdd82258cae6adab0449cd3334c13df1e863e5e8c8fd793ea68,1179,2676,,,bytescale.mobbin.com,f7a1807c1ac98ccf0eecf5078d61346ac9a94ca37a547f5708d580528c9e55c0,/Users/user/mobbin-sides/screen-flows/x-chat/022-xchat-uploading-a-profile-picture-6603f559-6da0-4e06-a1ae-e378e30147ff/001-15e9010f-d007-4d8a-9d56-6b3b35da2dd0-downloadableSrc-3b610ec3c51f.webp
6603f559-6da0-4e06-a1ae-e378e30147ff,Uploading a profile picture,31124a64-058b-4783-809f-ad7dd43ac7d7,Xchat,6901070a-8142-46de-9462-d2c8ba13640a,1,2,f4ce04f6-66c2-4366-bcb0-d59cf8ada8c4,true,downloadableSrc,200,image/webp,61104,61104,2dfbfc50812ef50d038999dfd332ed9b4c2354c6d5d823e6fa036796a83f884b,1179,2676,,,bytescale.mobbin.com,f7a1807c1ac98ccf0eecf5078d61346ac9a94ca37a547f5708d580528c9e55c0,/Users/user/mobbin-sides/screen-flows/x-chat/022-xchat-uploading-a-profile-picture-6603f559-6da0-4e06-a1ae-e378e30147ff/002-f4ce04f6-66c2-4366-bcb0-d59cf8ada8c4-downloadableSrc-2dfbfc50812e.webp
6603f559-6da0-4e06-a1ae-e378e30147ff,Uploading a profile picture,31124a64-058b-4783-809f-ad7dd43ac7d7,Xchat,6901070a-8142-46de-9462-d2c8ba13640a,2,3,5ab241b8-0db0-4638-b5d5-47eea6e1f6d1,true,downloadableSrc,200,image/webp,26780,26780,c4197aca7e056b26d16f6555d1f7f30bc2dfa2393e30942ed4d6f3596aa9b8c3,1179,2676,,,bytescale.mobbin.com,f7a1807c1ac98ccf0eecf5078d61346ac9a94ca37a547f5708d580528c9e55c0,/Users/user/mobbin-sides/screen-flows/x-chat/022-xchat-uploading-a-profile-picture-6603f559-6da0-4e06-a1ae-e378e30147ff/003-5ab241b8-0db0-4638-b5d5-47eea6e1f6d1-downloadableSrc-c4197aca7e05.webp
6603f559-6da0-4e06-a1ae-e378e30147ff,Uploading a profile picture,31124a64-058b-4783-809f-ad7dd43ac7d7,Xchat,6901070a-8142-46de-9462-d2c8ba13640a,3,4,71a8edc5-15cc-48ca-8958-f95d3f46b704,true,downloadableSrc,200,image/webp,55766,55766,4fa6b459bc3bbcae475abe919587dcae19739ccb26803d2ab9e06c8806e31b20,1179,2676,,,bytescale.mobbin.com,f7a1807c1ac98ccf0eecf5078d61346ac9a94ca37a547f5708d580528c9e55c0,/Users/user/mobbin-sides/screen-flows/x-chat/022-xchat-uploading-a-profile-picture-6603f559-6da0-4e06-a1ae-e378e30147ff/004-71a8edc5-15cc-48ca-8958-f95d3f46b704-downloadableSrc-4fa6b459bc3b.webp
96c7d9df-57d6-48c6-ad06-f6c2720a1314,Chatting with a friend,31124a64-058b-4783-809f-ad7dd43ac7d7,Xchat,6901070a-8142-46de-9462-d2c8ba13640a,0,1,c4423dde-5406-4424-a84d-8fa7a8f6fcf3,true,downloadableSrc,200,image/webp,52134,52134,ce0732113a4ec6e315a7b02414d23ad6c0bec6d5181e0bedc1473c84ac03992e,1179,2676,,,bytescale.mobbin.com,f7a1807c1ac98ccf0eecf5078d61346ac9a94ca37a547f5708d580528c9e55c0,/Users/user/mobbin-sides/screen-flows/x-chat/023-xchat-chatting-with-a-friend-96c7d9df-57d6-48c6-ad06-f6c2720a1314/001-c4423dde-5406-4424-a84d-8fa7a8f6fcf3-downloadableSrc-ce0732113a4e.webp
96c7d9df-57d6-48c6-ad06-f6c2720a1314,Chatting with a friend,31124a64-058b-4783-809f-ad7dd43ac7d7,Xchat,6901070a-8142-46de-9462-d2c8ba13640a,1,2,6eaf2c84-45fa-41aa-ac67-67474432e294,true,downloadableSrc,200,image/webp,18962,18962,e8c04dec52e68415ad175f4c899c9921518ff988b35b96e26b00dbe9decc9719,1179,2676,,,bytescale.mobbin.com,f7a1807c1ac98ccf0eecf5078d61346ac9a94ca37a547f5708d580528c9e55c0,/Users/user/mobbin-sides/screen-flows/x-chat/023-xchat-chatting-with-a-friend-96c7d9df-57d6-48c6-ad06-f6c2720a1314/002-6eaf2c84-45fa-41aa-ac67-67474432e294-downloadableSrc-e8c04dec52e6.webp
96c7d9df-57d6-48c6-ad06-f6c2720a1314,Chatting with a friend,31124a64-058b-4783-809f-ad7dd43ac7d7,Xchat,6901070a-8142-46de-9462-d2c8ba13640a,2,3,0449a9a4-3044-43c9-b193-83c2f6687b4e,true,downloadableSrc,200,image/webp,22986,22986,b2381edf58bda2b4d9559fb4924647027e53de4f4cccba72c6bd5558f8c8abb5,1179,2676,,,bytescale.mobbin.com,f7a1807c1ac98ccf0eecf5078d61346ac9a94ca37a547f5708d580528c9e55c0,/Users/user/mobbin-sides/screen-flows/x-chat/023-xchat-chatting-with-a-friend-96c7d9df-57d6-48c6-ad06-f6c2720a1314/003-0449a9a4-3044-43c9-b193-83c2f6687b4e-downloadableSrc-b2381edf58bd.webp
96c7d9df-57d6-48c6-ad06-f6c2720a1314,Chatting with a friend,31124a64-058b-4783-809f-ad7dd43ac7d7,Xchat,6901070a-8142-46de-9462-d2c8ba13640a,3,4,494cb3ed-d5b0-4628-bebc-ac6d9c50f541,true,downloadableSrc,200,image/webp,25128,25128,209dac2fb88f09ee853c4a5760b1729928e85b273456996c69267e9ce09b5be7,1179,2676,,,bytescale.mobbin.com,f7a1807c1ac98ccf0eecf5078d61346ac9a94ca37a547f5708d580528c9e55c0,/Users/user/mobbin-sides/screen-flows/x-chat/023-xchat-chatting-with-a-friend-96c7d9df-57d6-48c6-ad06-f6c2720a1314/004-494cb3ed-d5b0-4628-bebc-ac6d9c50f541-downloadableSrc-209dac2fb88f.webp
e6537fdc-73a7-4628-94be-140875c5cac8,Blocking a user,31124a64-058b-4783-809f-ad7dd43ac7d7,Xchat,6901070a-8142-46de-9462-d2c8ba13640a,0,1,6eaf2c84-45fa-41aa-ac67-67474432e294,true,downloadableSrc,200,image/webp,18962,18962,e8c04dec52e68415ad175f4c899c9921518ff988b35b96e26b00dbe9decc9719,1179,2676,,,bytescale.mobbin.com,f7a1807c1ac98ccf0eecf5078d61346ac9a94ca37a547f5708d580528c9e55c0,/Users/user/mobbin-sides/screen-flows/x-chat/024-xchat-blocking-a-user-e6537fdc-73a7-4628-94be-140875c5cac8/001-6eaf2c84-45fa-41aa-ac67-67474432e294-downloadableSrc-e8c04dec52e6.webp
e6537fdc-73a7-4628-94be-140875c5cac8,Blocking a user,31124a64-058b-4783-809f-ad7dd43ac7d7,Xchat,6901070a-8142-46de-9462-d2c8ba13640a,1,2,a03eadb9-1dec-4f2d-8e48-510e7d47cf58,true,downloadableSrc,200,image/webp,36720,36720,7050bbbb9256c30f49f2d899b49416691710379ee7bea52939f0c6a8a6c3c35f,1179,2676,,,bytescale.mobbin.com,f7a1807c1ac98ccf0eecf5078d61346ac9a94ca37a547f5708d580528c9e55c0,/Users/user/mobbin-sides/screen-flows/x-chat/024-xchat-blocking-a-user-e6537fdc-73a7-4628-94be-140875c5cac8/002-a03eadb9-1dec-4f2d-8e48-510e7d47cf58-downloadableSrc-7050bbbb9256.webp
e6537fdc-73a7-4628-94be-140875c5cac8,Blocking a user,31124a64-058b-4783-809f-ad7dd43ac7d7,Xchat,6901070a-8142-46de-9462-d2c8ba13640a,2,3,5f5d4db8-41be-46fa-8e9f-8d67ce9ac7dd,true,downloadableSrc,200,image/webp,49908,49908,5353d5d3bb80dc450892aaf50d8ff322b4f1f388b9a671a39881e8432481b732,1179,2676,,,bytescale.mobbin.com,f7a1807c1ac98ccf0eecf5078d61346ac9a94ca37a547f5708d580528c9e55c0,/Users/user/mobbin-sides/screen-flows/x-chat/024-xchat-blocking-a-user-e6537fdc-73a7-4628-94be-140875c5cac8/003-5f5d4db8-41be-46fa-8e9f-8d67ce9ac7dd-downloadableSrc-5353d5d3bb80.webp
e6537fdc-73a7-4628-94be-140875c5cac8,Blocking a user,31124a64-058b-4783-809f-ad7dd43ac7d7,Xchat,6901070a-8142-46de-9462-d2c8ba13640a,3,4,a69f3a33-9055-49f9-be2c-e1cec3581e83,true,downloadableSrc,200,image/webp,45550,45550,b6546c94473686624c81e76fd41f9194d8c6f009ce8642ed82b7d30495aed10e,1179,2676,,,bytescale.mobbin.com,f7a1807c1ac98ccf0eecf5078d61346ac9a94ca37a547f5708d580528c9e55c0,/Users/user/mobbin-sides/screen-flows/x-chat/024-xchat-blocking-a-user-e6537fdc-73a7-4628-94be-140875c5cac8/004-a69f3a33-9055-49f9-be2c-e1cec3581e83-downloadableSrc-b6546c944736.webp
e6537fdc-73a7-4628-94be-140875c5cac8,Blocking a user,31124a64-058b-4783-809f-ad7dd43ac7d7,Xchat,6901070a-8142-46de-9462-d2c8ba13640a,4,5,84d880df-688b-4fed-87fd-a13b7d77652c,true,downloadableSrc,200,image/webp,50312,50312,71103bfae27650cbd7d0acf7d815a8445abe43cc7b2c862357226567c5af98c9,1179,2676,,,bytescale.mobbin.com,f7a1807c1ac98ccf0eecf5078d61346ac9a94ca37a547f5708d580528c9e55c0,/Users/user/mobbin-sides/screen-flows/x-chat/024-xchat-blocking-a-user-e6537fdc-73a7-4628-94be-140875c5cac8/005-84d880df-688b-4fed-87fd-a13b7d77652c-downloadableSrc-71103bfae276.webp
ccf8765c-0a43-40d2-9682-1236b69a726d,Filtering messages,31124a64-058b-4783-809f-ad7dd43ac7d7,Xchat,6901070a-8142-46de-9462-d2c8ba13640a,0,1,fe434973-7c36-4233-bad9-26dbd19dd36a,true,downloadableSrc,200,image/webp,41260,41260,a1161aeb6519ebf9e6f6c67e53c58b6f7008a656e9d737bf7b7717760f21fb1e,1179,2676,,,bytescale.mobbin.com,f7a1807c1ac98ccf0eecf5078d61346ac9a94ca37a547f5708d580528c9e55c0,/Users/user/mobbin-sides/screen-flows/x-chat/025-xchat-filtering-messages-ccf8765c-0a43-40d2-9682-1236b69a726d/001-fe434973-7c36-4233-bad9-26dbd19dd36a-downloadableSrc-a1161aeb6519.webp
ccf8765c-0a43-40d2-9682-1236b69a726d,Filtering messages,31124a64-058b-4783-809f-ad7dd43ac7d7,Xchat,6901070a-8142-46de-9462-d2c8ba13640a,1,2,bda5e6a3-7c78-4efb-b0f3-a5243fa7ddbc,true,downloadableSrc,200,image/webp,39900,39900,d5b7b6ae1765bd9661ffa18ba1fd46816ac34d6696ea507abe0a743fb000073f,1179,2676,,,bytescale.mobbin.com,f7a1807c1ac98ccf0eecf5078d61346ac9a94ca37a547f5708d580528c9e55c0,/Users/user/mobbin-sides/screen-flows/x-chat/025-xchat-filtering-messages-ccf8765c-0a43-40d2-9682-1236b69a726d/002-bda5e6a3-7c78-4efb-b0f3-a5243fa7ddbc-downloadableSrc-d5b7b6ae1765.webp
ccf8765c-0a43-40d2-9682-1236b69a726d,Filtering messages,31124a64-058b-4783-809f-ad7dd43ac7d7,Xchat,6901070a-8142-46de-9462-d2c8ba13640a,2,3,25ec665f-8d22-42a6-81c2-49315f75a565,true,downloadableSrc,200,image/webp,26890,26890,4d8f8b2031bd0dcdc8d953fc641cbbf05b8ce205a6534d9d646bc9f20e748af0,1179,2676,,,bytescale.mobbin.com,f7a1807c1ac98ccf0eecf5078d61346ac9a94ca37a547f5708d580528c9e55c0,/Users/user/mobbin-sides/screen-flows/x-chat/025-xchat-filtering-messages-ccf8765c-0a43-40d2-9682-1236b69a726d/003-25ec665f-8d22-42a6-81c2-49315f75a565-downloadableSrc-4d8f8b2031bd.webp
a3ea82eb-575c-4983-951f-41ccad1faeb0,Searching XChat,31124a64-058b-4783-809f-ad7dd43ac7d7,Xchat,6901070a-8142-46de-9462-d2c8ba13640a,0,1,fe434973-7c36-4233-bad9-26dbd19dd36a,true,downloadableSrc,200,image/webp,41260,41260,a1161aeb6519ebf9e6f6c67e53c58b6f7008a656e9d737bf7b7717760f21fb1e,1179,2676,,,bytescale.mobbin.com,f7a1807c1ac98ccf0eecf5078d61346ac9a94ca37a547f5708d580528c9e55c0,/Users/user/mobbin-sides/screen-flows/x-chat/026-xchat-searching-xchat-a3ea82eb-575c-4983-951f-41ccad1faeb0/001-fe434973-7c36-4233-bad9-26dbd19dd36a-downloadableSrc-a1161aeb6519.webp
a3ea82eb-575c-4983-951f-41ccad1faeb0,Searching XChat,31124a64-058b-4783-809f-ad7dd43ac7d7,Xchat,6901070a-8142-46de-9462-d2c8ba13640a,1,2,ad064a72-8971-45b7-b2d2-b9ee9b00adde,true,downloadableSrc,200,image/webp,27008,27008,5c610aa7e57b755a6bf51db529e9f325e3ac8d489c16514b0799bdce041b3db6,1179,2676,,,bytescale.mobbin.com,f7a1807c1ac98ccf0eecf5078d61346ac9a94ca37a547f5708d580528c9e55c0,/Users/user/mobbin-sides/screen-flows/x-chat/026-xchat-searching-xchat-a3ea82eb-575c-4983-951f-41ccad1faeb0/002-ad064a72-8971-45b7-b2d2-b9ee9b00adde-downloadableSrc-5c610aa7e57b.webp
a3ea82eb-575c-4983-951f-41ccad1faeb0,Searching XChat,31124a64-058b-4783-809f-ad7dd43ac7d7,Xchat,6901070a-8142-46de-9462-d2c8ba13640a,2,3,13aa7dab-9865-41e0-b223-2ae8117d0051,true,downloadableSrc,200,image/webp,21380,21380,493fb2d5f38189edd337f9a42657a9113789637d3c7760fe357872d74cc79d6a,1179,2676,,,bytescale.mobbin.com,f7a1807c1ac98ccf0eecf5078d61346ac9a94ca37a547f5708d580528c9e55c0,/Users/user/mobbin-sides/screen-flows/x-chat/026-xchat-searching-xchat-a3ea82eb-575c-4983-951f-41ccad1faeb0/003-13aa7dab-9865-41e0-b223-2ae8117d0051-downloadableSrc-493fb2d5f381.webp
a3ea82eb-575c-4983-951f-41ccad1faeb0,Searching XChat,31124a64-058b-4783-809f-ad7dd43ac7d7,Xchat,6901070a-8142-46de-9462-d2c8ba13640a,3,4,a29be9fc-d047-4c99-9d95-8719b8b265ec,true,downloadableSrc,200,image/webp,26432,26432,7edf3d0be7b8807bfb30fb189215282a4030b87e6995ce7cb01725b99714cdb4,1179,2676,,,bytescale.mobbin.com,f7a1807c1ac98ccf0eecf5078d61346ac9a94ca37a547f5708d580528c9e55c0,/Users/user/mobbin-sides/screen-flows/x-chat/026-xchat-searching-xchat-a3ea82eb-575c-4983-951f-41ccad1faeb0/004-a29be9fc-d047-4c99-9d95-8719b8b265ec-downloadableSrc-7edf3d0be7b8.webp
5841f831-bccc-41d8-bdd3-a55a72fe1574,Message requests,31124a64-058b-4783-809f-ad7dd43ac7d7,Xchat,6901070a-8142-46de-9462-d2c8ba13640a,0,1,fe434973-7c36-4233-bad9-26dbd19dd36a,true,downloadableSrc,200,image/webp,41260,41260,a1161aeb6519ebf9e6f6c67e53c58b6f7008a656e9d737bf7b7717760f21fb1e,1179,2676,,,bytescale.mobbin.com,f7a1807c1ac98ccf0eecf5078d61346ac9a94ca37a547f5708d580528c9e55c0,/Users/user/mobbin-sides/screen-flows/x-chat/027-xchat-message-requests-5841f831-bccc-41d8-bdd3-a55a72fe1574/001-fe434973-7c36-4233-bad9-26dbd19dd36a-downloadableSrc-a1161aeb6519.webp
5841f831-bccc-41d8-bdd3-a55a72fe1574,Message requests,31124a64-058b-4783-809f-ad7dd43ac7d7,Xchat,6901070a-8142-46de-9462-d2c8ba13640a,1,2,09145c53-8318-44f0-a3f0-462244fb3220,true,downloadableSrc,200,image/webp,48742,48742,c8f86caa308ebe4c32297e8cde60a034abe1c49c20926ad837111897ba945d4c,1179,2676,,,bytescale.mobbin.com,f7a1807c1ac98ccf0eecf5078d61346ac9a94ca37a547f5708d580528c9e55c0,/Users/user/mobbin-sides/screen-flows/x-chat/027-xchat-message-requests-5841f831-bccc-41d8-bdd3-a55a72fe1574/002-09145c53-8318-44f0-a3f0-462244fb3220-downloadableSrc-c8f86caa308e.webp
5841f831-bccc-41d8-bdd3-a55a72fe1574,Message requests,31124a64-058b-4783-809f-ad7dd43ac7d7,Xchat,6901070a-8142-46de-9462-d2c8ba13640a,2,3,f81b43de-acdc-475c-aac6-6f16569958df,true,downloadableSrc,200,image/webp,32988,32988,106efdd5eec08769a4dbef5150ee98385b875f6e8d43fc25d13da366bf6a5f9d,1179,2676,,,bytescale.mobbin.com,f7a1807c1ac98ccf0eecf5078d61346ac9a94ca37a547f5708d580528c9e55c0,/Users/user/mobbin-sides/screen-flows/x-chat/027-xchat-message-requests-5841f831-bccc-41d8-bdd3-a55a72fe1574/003-f81b43de-acdc-475c-aac6-6f16569958df-downloadableSrc-106efdd5eec0.webp
5841f831-bccc-41d8-bdd3-a55a72fe1574,Message requests,31124a64-058b-4783-809f-ad7dd43ac7d7,Xchat,6901070a-8142-46de-9462-d2c8ba13640a,3,4,4d6eefb8-4a17-4cb4-bec6-3a635f4553a6,true,downloadableSrc,200,image/webp,30698,30698,55e8b8e3ca6a1bc02b1ec2307aa649778993ec6dfaa90ea381303d8179e11395,1179,2676,,,bytescale.mobbin.com,f7a1807c1ac98ccf0eecf5078d61346ac9a94ca37a547f5708d580528c9e55c0,/Users/user/mobbin-sides/screen-flows/x-chat/027-xchat-message-requests-5841f831-bccc-41d8-bdd3-a55a72fe1574/004-4d6eefb8-4a17-4cb4-bec6-3a635f4553a6-downloadableSrc-55e8b8e3ca6a.webp
9e6eaf24-c2d1-49e1-8bc2-a1b55dffb964,Settings,31124a64-058b-4783-809f-ad7dd43ac7d7,Xchat,6901070a-8142-46de-9462-d2c8ba13640a,0,1,fe434973-7c36-4233-bad9-26dbd19dd36a,true,downloadableSrc,200,image/webp,41260,41260,a1161aeb6519ebf9e6f6c67e53c58b6f7008a656e9d737bf7b7717760f21fb1e,1179,2676,,,bytescale.mobbin.com,f7a1807c1ac98ccf0eecf5078d61346ac9a94ca37a547f5708d580528c9e55c0,/Users/user/mobbin-sides/screen-flows/x-chat/028-xchat-settings-9e6eaf24-c2d1-49e1-8bc2-a1b55dffb964/001-fe434973-7c36-4233-bad9-26dbd19dd36a-downloadableSrc-a1161aeb6519.webp
9e6eaf24-c2d1-49e1-8bc2-a1b55dffb964,Settings,31124a64-058b-4783-809f-ad7dd43ac7d7,Xchat,6901070a-8142-46de-9462-d2c8ba13640a,1,2,eb6e4658-743e-4232-ae69-5a961b614930,true,downloadableSrc,200,image/webp,55102,55102,3f90b04d7b05210276f836ecf9761dafab863f0498c8d7abf2a990d81dd549ff,1179,2676,,,bytescale.mobbin.com,f7a1807c1ac98ccf0eecf5078d61346ac9a94ca37a547f5708d580528c9e55c0,/Users/user/mobbin-sides/screen-flows/x-chat/028-xchat-settings-9e6eaf24-c2d1-49e1-8bc2-a1b55dffb964/002-eb6e4658-743e-4232-ae69-5a961b614930-downloadableSrc-3f90b04d7b05.webp
9e6eaf24-c2d1-49e1-8bc2-a1b55dffb964,Settings,31124a64-058b-4783-809f-ad7dd43ac7d7,Xchat,6901070a-8142-46de-9462-d2c8ba13640a,2,3,f913c723-5e65-4716-9ac9-35951a254df1,true,downloadableSrc,200,image/webp,51336,51336,6bd8071be095e74de0e2fe7e67c5dbcc8bd689561c8ebff3ba5cc3ba8a5be4fd,1179,2676,,,bytescale.mobbin.com,f7a1807c1ac98ccf0eecf5078d61346ac9a94ca37a547f5708d580528c9e55c0,/Users/user/mobbin-sides/screen-flows/x-chat/028-xchat-settings-9e6eaf24-c2d1-49e1-8bc2-a1b55dffb964/003-f913c723-5e65-4716-9ac9-35951a254df1-downloadableSrc-6bd8071be095.webp
a657afe2-2e9d-455c-a0ea-e512fc0d984e,Account,31124a64-058b-4783-809f-ad7dd43ac7d7,Xchat,6901070a-8142-46de-9462-d2c8ba13640a,0,1,eb6e4658-743e-4232-ae69-5a961b614930,true,downloadableSrc,200,image/webp,55102,55102,3f90b04d7b05210276f836ecf9761dafab863f0498c8d7abf2a990d81dd549ff,1179,2676,,,bytescale.mobbin.com,f7a1807c1ac98ccf0eecf5078d61346ac9a94ca37a547f5708d580528c9e55c0,/Users/user/mobbin-sides/screen-flows/x-chat/029-xchat-account-a657afe2-2e9d-455c-a0ea-e512fc0d984e/001-eb6e4658-743e-4232-ae69-5a961b614930-downloadableSrc-3f90b04d7b05.webp
a657afe2-2e9d-455c-a0ea-e512fc0d984e,Account,31124a64-058b-4783-809f-ad7dd43ac7d7,Xchat,6901070a-8142-46de-9462-d2c8ba13640a,1,2,2f1ba363-dd9f-4389-a9e6-f5b7d4406ba8,true,downloadableSrc,200,image/webp,31964,31964,86bb12abb8808a9d54f5ce2b847f8a1f66b6f0f48f9549d805073271f4241827,1179,2676,,,bytescale.mobbin.com,f7a1807c1ac98ccf0eecf5078d61346ac9a94ca37a547f5708d580528c9e55c0,/Users/user/mobbin-sides/screen-flows/x-chat/029-xchat-account-a657afe2-2e9d-455c-a0ea-e512fc0d984e/002-2f1ba363-dd9f-4389-a9e6-f5b7d4406ba8-downloadableSrc-86bb12abb880.webp
50fa1f2d-19bb-4370-9f17-53441c670432,Switching to dark mode,31124a64-058b-4783-809f-ad7dd43ac7d7,Xchat,6901070a-8142-46de-9462-d2c8ba13640a,0,1,eb6e4658-743e-4232-ae69-5a961b614930,true,downloadableSrc,200,image/webp,55102,55102,3f90b04d7b05210276f836ecf9761dafab863f0498c8d7abf2a990d81dd549ff,1179,2676,,,bytescale.mobbin.com,f7a1807c1ac98ccf0eecf5078d61346ac9a94ca37a547f5708d580528c9e55c0,/Users/user/mobbin-sides/screen-flows/x-chat/030-xchat-switching-to-dark-mode-50fa1f2d-19bb-4370-9f17-53441c670432/001-eb6e4658-743e-4232-ae69-5a961b614930-downloadableSrc-3f90b04d7b05.webp
50fa1f2d-19bb-4370-9f17-53441c670432,Switching to dark mode,31124a64-058b-4783-809f-ad7dd43ac7d7,Xchat,6901070a-8142-46de-9462-d2c8ba13640a,1,2,e99848ed-0fb7-4587-9c26-32ffd7de0016,true,downloadableSrc,200,image/webp,39428,39428,16c0f85b0b0dc1334841d4b5d351f62ba6a468e5eac4fdbc0495684525023ccb,1179,2676,,,bytescale.mobbin.com,f7a1807c1ac98ccf0eecf5078d61346ac9a94ca37a547f5708d580528c9e55c0,/Users/user/mobbin-sides/screen-flows/x-chat/030-xchat-switching-to-dark-mode-50fa1f2d-19bb-4370-9f17-53441c670432/002-e99848ed-0fb7-4587-9c26-32ffd7de0016-downloadableSrc-16c0f85b0b0d.webp
50fa1f2d-19bb-4370-9f17-53441c670432,Switching to dark mode,31124a64-058b-4783-809f-ad7dd43ac7d7,Xchat,6901070a-8142-46de-9462-d2c8ba13640a,2,3,1d1fd228-91e6-4375-b23d-acc3fa54e41b,true,downloadableSrc,200,image/webp,40104,40104,ec6da96bd23005b213873b699a3f4cae63c3100150e2e0381418c5d4c8c8b9aa,1179,2676,,,bytescale.mobbin.com,f7a1807c1ac98ccf0eecf5078d61346ac9a94ca37a547f5708d580528c9e55c0,/Users/user/mobbin-sides/screen-flows/x-chat/030-xchat-switching-to-dark-mode-50fa1f2d-19bb-4370-9f17-53441c670432/003-1d1fd228-91e6-4375-b23d-acc3fa54e41b-downloadableSrc-ec6da96bd230.webp
50fa1f2d-19bb-4370-9f17-53441c670432,Switching to dark mode,31124a64-058b-4783-809f-ad7dd43ac7d7,Xchat,6901070a-8142-46de-9462-d2c8ba13640a,3,4,a0a5c44d-08d7-4e7e-ad47-c5b2ee503d2e,true,downloadableSrc,200,image/webp,38340,38340,ddedb13926ff5e98611c708760a0b21dac71e4edce7477e2d2268398c8986e93,1179,2676,,,bytescale.mobbin.com,f7a1807c1ac98ccf0eecf5078d61346ac9a94ca37a547f5708d580528c9e55c0,/Users/user/mobbin-sides/screen-flows/x-chat/030-xchat-switching-to-dark-mode-50fa1f2d-19bb-4370-9f17-53441c670432/004-a0a5c44d-08d7-4e7e-ad47-c5b2ee503d2e-downloadableSrc-ddedb13926ff.webp
50fa1f2d-19bb-4370-9f17-53441c670432,Switching to dark mode,31124a64-058b-4783-809f-ad7dd43ac7d7,Xchat,6901070a-8142-46de-9462-d2c8ba13640a,4,5,23eb3773-b994-45f5-b421-de24edbec0bc,true,downloadableSrc,200,image/webp,50328,50328,1e02a32ac7867688da38bb6630c61c2503df41251801b8e28d4ceadcaca11c21,1179,2676,,,bytescale.mobbin.com,f7a1807c1ac98ccf0eecf5078d61346ac9a94ca37a547f5708d580528c9e55c0,/Users/user/mobbin-sides/screen-flows/x-chat/030-xchat-switching-to-dark-mode-50fa1f2d-19bb-4370-9f17-53441c670432/005-23eb3773-b994-45f5-b421-de24edbec0bc-downloadableSrc-1e02a32ac786.webp
50fa1f2d-19bb-4370-9f17-53441c670432,Switching to dark mode,31124a64-058b-4783-809f-ad7dd43ac7d7,Xchat,6901070a-8142-46de-9462-d2c8ba13640a,5,6,9e8dcf0d-1a9a-41ef-b72f-04ae267e3b37,true,downloadableSrc,200,image/webp,34088,34088,bb9bdaa57cfedd8c9455854a0dc515ad7d726a0b12870c6d6af64512b1ac9c8e,1179,2676,,,bytescale.mobbin.com,f7a1807c1ac98ccf0eecf5078d61346ac9a94ca37a547f5708d580528c9e55c0,/Users/user/mobbin-sides/screen-flows/x-chat/030-xchat-switching-to-dark-mode-50fa1f2d-19bb-4370-9f17-53441c670432/006-9e8dcf0d-1a9a-41ef-b72f-04ae267e3b37-downloadableSrc-bb9bdaa57cfe.webp
50fa1f2d-19bb-4370-9f17-53441c670432,Switching to dark mode,31124a64-058b-4783-809f-ad7dd43ac7d7,Xchat,6901070a-8142-46de-9462-d2c8ba13640a,6,7,82d7e4d8-3ee8-4243-a5d0-dc3a9fa06ac3,true,downloadableSrc,200,image/webp,55158,55158,f7eefd9b6c5ab72a3824ee91bdc2378e83c01dda41bc9ce46c27df874e5baf3c,1179,2676,,,bytescale.mobbin.com,f7a1807c1ac98ccf0eecf5078d61346ac9a94ca37a547f5708d580528c9e55c0,/Users/user/mobbin-sides/screen-flows/x-chat/030-xchat-switching-to-dark-mode-50fa1f2d-19bb-4370-9f17-53441c670432/007-82d7e4d8-3ee8-4243-a5d0-dc3a9fa06ac3-downloadableSrc-f7eefd9b6c5a.webp
ed387fbf-7744-4306-89fe-2cb9822e2cb7,Changing text size,31124a64-058b-4783-809f-ad7dd43ac7d7,Xchat,6901070a-8142-46de-9462-d2c8ba13640a,0,1,e99848ed-0fb7-4587-9c26-32ffd7de0016,true,downloadableSrc,200,image/webp,39428,39428,16c0f85b0b0dc1334841d4b5d351f62ba6a468e5eac4fdbc0495684525023ccb,1179,2676,,,bytescale.mobbin.com,f7a1807c1ac98ccf0eecf5078d61346ac9a94ca37a547f5708d580528c9e55c0,/Users/user/mobbin-sides/screen-flows/x-chat/031-xchat-changing-text-size-ed387fbf-7744-4306-89fe-2cb9822e2cb7/001-e99848ed-0fb7-4587-9c26-32ffd7de0016-downloadableSrc-16c0f85b0b0d.webp
ed387fbf-7744-4306-89fe-2cb9822e2cb7,Changing text size,31124a64-058b-4783-809f-ad7dd43ac7d7,Xchat,6901070a-8142-46de-9462-d2c8ba13640a,1,2,c62216d8-eeb3-4dec-b01c-463ca5db9c63,true,downloadableSrc,200,image/webp,46574,46574,96de53e902e2aaa4f008349de32d2cbba8f826cf9931334686b637e537eb2fc4,1179,2676,,,bytescale.mobbin.com,f7a1807c1ac98ccf0eecf5078d61346ac9a94ca37a547f5708d580528c9e55c0,/Users/user/mobbin-sides/screen-flows/x-chat/031-xchat-changing-text-size-ed387fbf-7744-4306-89fe-2cb9822e2cb7/002-c62216d8-eeb3-4dec-b01c-463ca5db9c63-downloadableSrc-96de53e902e2.webp
ed387fbf-7744-4306-89fe-2cb9822e2cb7,Changing text size,31124a64-058b-4783-809f-ad7dd43ac7d7,Xchat,6901070a-8142-46de-9462-d2c8ba13640a,2,3,8efe366d-8de5-4c78-ba13-f4044c09599d,true,downloadableSrc,200,image/webp,33810,33810,28b6bb2a079ee5c96559c237769bfe86f9e1032cae61855456ea046b7aa90f82,1179,2676,,,bytescale.mobbin.com,f7a1807c1ac98ccf0eecf5078d61346ac9a94ca37a547f5708d580528c9e55c0,/Users/user/mobbin-sides/screen-flows/x-chat/031-xchat-changing-text-size-ed387fbf-7744-4306-89fe-2cb9822e2cb7/003-8efe366d-8de5-4c78-ba13-f4044c09599d-downloadableSrc-28b6bb2a079e.webp
ed387fbf-7744-4306-89fe-2cb9822e2cb7,Changing text size,31124a64-058b-4783-809f-ad7dd43ac7d7,Xchat,6901070a-8142-46de-9462-d2c8ba13640a,3,4,9c33d182-8a5d-4d6e-afe0-531418f5a11f,true,downloadableSrc,200,image/webp,68500,68500,eaef2119e566ba8bcdd1dec35acd1eddbb420577d98d59f6cad248bb5e19c7e4,1179,2676,,,bytescale.mobbin.com,f7a1807c1ac98ccf0eecf5078d61346ac9a94ca37a547f5708d580528c9e55c0,/Users/user/mobbin-sides/screen-flows/x-chat/031-xchat-changing-text-size-ed387fbf-7744-4306-89fe-2cb9822e2cb7/004-9c33d182-8a5d-4d6e-afe0-531418f5a11f-downloadableSrc-eaef2119e566.webp
0b2d06c2-e6b5-4203-b8e9-80d654d72cd4,Changing app icon,31124a64-058b-4783-809f-ad7dd43ac7d7,Xchat,6901070a-8142-46de-9462-d2c8ba13640a,0,1,eb6e4658-743e-4232-ae69-5a961b614930,true,downloadableSrc,200,image/webp,55102,55102,3f90b04d7b05210276f836ecf9761dafab863f0498c8d7abf2a990d81dd549ff,1179,2676,,,bytescale.mobbin.com,f7a1807c1ac98ccf0eecf5078d61346ac9a94ca37a547f5708d580528c9e55c0,/Users/user/mobbin-sides/screen-flows/x-chat/032-xchat-changing-app-icon-0b2d06c2-e6b5-4203-b8e9-80d654d72cd4/001-eb6e4658-743e-4232-ae69-5a961b614930-downloadableSrc-3f90b04d7b05.webp
0b2d06c2-e6b5-4203-b8e9-80d654d72cd4,Changing app icon,31124a64-058b-4783-809f-ad7dd43ac7d7,Xchat,6901070a-8142-46de-9462-d2c8ba13640a,1,2,4a90f445-6a78-4390-a2c6-e99432d5e3ff,true,downloadableSrc,200,image/webp,53052,53052,702a62da08c43b18d947a6f9581bc2e14343737d7fae13ae67c4cc7b06ab8f51,1179,2676,,,bytescale.mobbin.com,f7a1807c1ac98ccf0eecf5078d61346ac9a94ca37a547f5708d580528c9e55c0,/Users/user/mobbin-sides/screen-flows/x-chat/032-xchat-changing-app-icon-0b2d06c2-e6b5-4203-b8e9-80d654d72cd4/002-4a90f445-6a78-4390-a2c6-e99432d5e3ff-downloadableSrc-702a62da08c4.webp
0b2d06c2-e6b5-4203-b8e9-80d654d72cd4,Changing app icon,31124a64-058b-4783-809f-ad7dd43ac7d7,Xchat,6901070a-8142-46de-9462-d2c8ba13640a,2,3,da9fe7b9-d1ab-4819-9b30-87cebf84c901,true,downloadableSrc,200,image/webp,55368,55368,beeeefd0de63dfde4c1333a77068fe421c600d57ef2a53585df7f5e2ce4d68de,1179,2676,,,bytescale.mobbin.com,f7a1807c1ac98ccf0eecf5078d61346ac9a94ca37a547f5708d580528c9e55c0,/Users/user/mobbin-sides/screen-flows/x-chat/032-xchat-changing-app-icon-0b2d06c2-e6b5-4203-b8e9-80d654d72cd4/003-da9fe7b9-d1ab-4819-9b30-87cebf84c901-downloadableSrc-beeeefd0de63.webp
0b2d06c2-e6b5-4203-b8e9-80d654d72cd4,Changing app icon,31124a64-058b-4783-809f-ad7dd43ac7d7,Xchat,6901070a-8142-46de-9462-d2c8ba13640a,3,4,69d0dfae-002c-4a7d-9091-f17e9826d737,true,downloadableSrc,200,image/webp,53064,53064,e3147a6cf676c54599c2fd71606578efdbaddb024abc6ca44b9f41e48956d1ea,1179,2676,,,bytescale.mobbin.com,f7a1807c1ac98ccf0eecf5078d61346ac9a94ca37a547f5708d580528c9e55c0,/Users/user/mobbin-sides/screen-flows/x-chat/032-xchat-changing-app-icon-0b2d06c2-e6b5-4203-b8e9-80d654d72cd4/004-69d0dfae-002c-4a7d-9091-f17e9826d737-downloadableSrc-e3147a6cf676.webp
1ee6f4b1-1d77-4c28-92c0-9ccb290dab24,Changing interactions,31124a64-058b-4783-809f-ad7dd43ac7d7,Xchat,6901070a-8142-46de-9462-d2c8ba13640a,0,1,eb6e4658-743e-4232-ae69-5a961b614930,true,downloadableSrc,200,image/webp,55102,55102,3f90b04d7b05210276f836ecf9761dafab863f0498c8d7abf2a990d81dd549ff,1179,2676,,,bytescale.mobbin.com,f7a1807c1ac98ccf0eecf5078d61346ac9a94ca37a547f5708d580528c9e55c0,/Users/user/mobbin-sides/screen-flows/x-chat/033-xchat-changing-interactions-1ee6f4b1-1d77-4c28-92c0-9ccb290dab24/001-eb6e4658-743e-4232-ae69-5a961b614930-downloadableSrc-3f90b04d7b05.webp
1ee6f4b1-1d77-4c28-92c0-9ccb290dab24,Changing interactions,31124a64-058b-4783-809f-ad7dd43ac7d7,Xchat,6901070a-8142-46de-9462-d2c8ba13640a,1,2,d5bd3bd7-de73-49eb-9ac2-004f1af5b231,true,downloadableSrc,200,image/webp,36376,36376,00cb2df16557bc6ab16ad263e940f35570d3940d801282298fbff42aae88d309,1179,2676,,,bytescale.mobbin.com,f7a1807c1ac98ccf0eecf5078d61346ac9a94ca37a547f5708d580528c9e55c0,/Users/user/mobbin-sides/screen-flows/x-chat/033-xchat-changing-interactions-1ee6f4b1-1d77-4c28-92c0-9ccb290dab24/002-d5bd3bd7-de73-49eb-9ac2-004f1af5b231-downloadableSrc-00cb2df16557.webp
1ee6f4b1-1d77-4c28-92c0-9ccb290dab24,Changing interactions,31124a64-058b-4783-809f-ad7dd43ac7d7,Xchat,6901070a-8142-46de-9462-d2c8ba13640a,2,3,aa2d6c93-4144-427e-be0a-714eda6a9ed1,true,downloadableSrc,200,image/webp,37754,37754,c69103fddc4bb211e2d6d6d7ac46e5c1ee9e189598cf14342688f8df743b97f9,1179,2676,,,bytescale.mobbin.com,f7a1807c1ac98ccf0eecf5078d61346ac9a94ca37a547f5708d580528c9e55c0,/Users/user/mobbin-sides/screen-flows/x-chat/033-xchat-changing-interactions-1ee6f4b1-1d77-4c28-92c0-9ccb290dab24/003-aa2d6c93-4144-427e-be0a-714eda6a9ed1-downloadableSrc-c69103fddc4b.webp
1ee6f4b1-1d77-4c28-92c0-9ccb290dab24,Changing interactions,31124a64-058b-4783-809f-ad7dd43ac7d7,Xchat,6901070a-8142-46de-9462-d2c8ba13640a,3,4,16f2a057-180d-4caf-b319-2e657f5f916d,true,downloadableSrc,200,image/webp,36350,36350,3de58bd445eceff5c979505a1407351713be90c8f2e8ec29ddbd564c018d4ec4,1179,2676,,,bytescale.mobbin.com,f7a1807c1ac98ccf0eecf5078d61346ac9a94ca37a547f5708d580528c9e55c0,/Users/user/mobbin-sides/screen-flows/x-chat/033-xchat-changing-interactions-1ee6f4b1-1d77-4c28-92c0-9ccb290dab24/004-16f2a057-180d-4caf-b319-2e657f5f916d-downloadableSrc-3de58bd445ec.webp
b609c428-e426-45d3-98a1-1682060e6832,Storage,31124a64-058b-4783-809f-ad7dd43ac7d7,Xchat,6901070a-8142-46de-9462-d2c8ba13640a,0,1,f913c723-5e65-4716-9ac9-35951a254df1,true,downloadableSrc,200,image/webp,51336,51336,6bd8071be095e74de0e2fe7e67c5dbcc8bd689561c8ebff3ba5cc3ba8a5be4fd,1179,2676,,,bytescale.mobbin.com,f7a1807c1ac98ccf0eecf5078d61346ac9a94ca37a547f5708d580528c9e55c0,/Users/user/mobbin-sides/screen-flows/x-chat/034-xchat-storage-b609c428-e426-45d3-98a1-1682060e6832/001-f913c723-5e65-4716-9ac9-35951a254df1-downloadableSrc-6bd8071be095.webp
b609c428-e426-45d3-98a1-1682060e6832,Storage,31124a64-058b-4783-809f-ad7dd43ac7d7,Xchat,6901070a-8142-46de-9462-d2c8ba13640a,1,2,8accde4a-a6c8-484e-8166-87c3bcd0f8f5,true,downloadableSrc,200,image/webp,65476,65476,2afd52cd4a72fbded76db7c8ad489f703cc284aed59e0a9b4cd81d54f1ddc0d7,1179,2676,,,bytescale.mobbin.com,f7a1807c1ac98ccf0eecf5078d61346ac9a94ca37a547f5708d580528c9e55c0,/Users/user/mobbin-sides/screen-flows/x-chat/034-xchat-storage-b609c428-e426-45d3-98a1-1682060e6832/002-8accde4a-a6c8-484e-8166-87c3bcd0f8f5-downloadableSrc-2afd52cd4a72.webp
3e86e19f-af55-4db7-91c0-1e52c022118b,Changing upload quality,31124a64-058b-4783-809f-ad7dd43ac7d7,Xchat,6901070a-8142-46de-9462-d2c8ba13640a,0,1,f913c723-5e65-4716-9ac9-35951a254df1,true,downloadableSrc,200,image/webp,51336,51336,6bd8071be095e74de0e2fe7e67c5dbcc8bd689561c8ebff3ba5cc3ba8a5be4fd,1179,2676,,,bytescale.mobbin.com,f7a1807c1ac98ccf0eecf5078d61346ac9a94ca37a547f5708d580528c9e55c0,/Users/user/mobbin-sides/screen-flows/x-chat/035-xchat-changing-upload-quality-3e86e19f-af55-4db7-91c0-1e52c022118b/001-f913c723-5e65-4716-9ac9-35951a254df1-downloadableSrc-6bd8071be095.webp
3e86e19f-af55-4db7-91c0-1e52c022118b,Changing upload quality,31124a64-058b-4783-809f-ad7dd43ac7d7,Xchat,6901070a-8142-46de-9462-d2c8ba13640a,1,2,cee5c403-f61e-42c4-b4cf-fa6bcbcf2232,true,downloadableSrc,200,image/webp,54916,54916,0b5f2342c99d620dfc4736bec554ce150a66f1ec684cfdf3b380348b2decea35,1179,2676,,,bytescale.mobbin.com,f7a1807c1ac98ccf0eecf5078d61346ac9a94ca37a547f5708d580528c9e55c0,/Users/user/mobbin-sides/screen-flows/x-chat/035-xchat-changing-upload-quality-3e86e19f-af55-4db7-91c0-1e52c022118b/002-cee5c403-f61e-42c4-b4cf-fa6bcbcf2232-downloadableSrc-0b5f2342c99d.webp
3e86e19f-af55-4db7-91c0-1e52c022118b,Changing upload quality,31124a64-058b-4783-809f-ad7dd43ac7d7,Xchat,6901070a-8142-46de-9462-d2c8ba13640a,2,3,fe77b36b-a2f0-4696-9b3a-677453488eba,true,downloadableSrc,200,image/webp,21748,21748,d4bfdb9433d6e036c1b0941988d6465e4c816f61602ed0770ec5f88187895a9c,1179,2676,,,bytescale.mobbin.com,f7a1807c1ac98ccf0eecf5078d61346ac9a94ca37a547f5708d580528c9e55c0,/Users/user/mobbin-sides/screen-flows/x-chat/035-xchat-changing-upload-quality-3e86e19f-af55-4db7-91c0-1e52c022118b/003-fe77b36b-a2f0-4696-9b3a-677453488eba-downloadableSrc-d4bfdb9433d6.webp
3e86e19f-af55-4db7-91c0-1e52c022118b,Changing upload quality,31124a64-058b-4783-809f-ad7dd43ac7d7,Xchat,6901070a-8142-46de-9462-d2c8ba13640a,3,4,51e6c02e-fd3b-439c-b2d5-e7454c525d7d,true,downloadableSrc,200,image/webp,21772,21772,7a1f040ac612aec456e5353dde7cfed316cfc2ea63ae41c5c01df65f81100a96,1179,2676,,,bytescale.mobbin.com,f7a1807c1ac98ccf0eecf5078d61346ac9a94ca37a547f5708d580528c9e55c0,/Users/user/mobbin-sides/screen-flows/x-chat/035-xchat-changing-upload-quality-3e86e19f-af55-4db7-91c0-1e52c022118b/004-51e6c02e-fd3b-439c-b2d5-e7454c525d7d-downloadableSrc-7a1f040ac612.webp
3e86e19f-af55-4db7-91c0-1e52c022118b,Changing upload quality,31124a64-058b-4783-809f-ad7dd43ac7d7,Xchat,6901070a-8142-46de-9462-d2c8ba13640a,4,5,87bd21d0-e76c-4634-ae07-06d47fd13fc6,true,downloadableSrc,200,image/webp,53630,53630,5be60186660a6e96d36bcb839e61562d72cba149d2f543f71c7c3a7cdf30de26,1179,2676,,,bytescale.mobbin.com,f7a1807c1ac98ccf0eecf5078d61346ac9a94ca37a547f5708d580528c9e55c0,/Users/user/mobbin-sides/screen-flows/x-chat/035-xchat-changing-upload-quality-3e86e19f-af55-4db7-91c0-1e52c022118b/005-87bd21d0-e76c-4634-ae07-06d47fd13fc6-downloadableSrc-5be60186660a.webp
4ef37d4c-1703-4d0c-b729-4a26ecc26c2c,Turning on debug logs,31124a64-058b-4783-809f-ad7dd43ac7d7,Xchat,6901070a-8142-46de-9462-d2c8ba13640a,0,1,f913c723-5e65-4716-9ac9-35951a254df1,true,downloadableSrc,200,image/webp,51336,51336,6bd8071be095e74de0e2fe7e67c5dbcc8bd689561c8ebff3ba5cc3ba8a5be4fd,1179,2676,,,bytescale.mobbin.com,f7a1807c1ac98ccf0eecf5078d61346ac9a94ca37a547f5708d580528c9e55c0,/Users/user/mobbin-sides/screen-flows/x-chat/036-xchat-turning-on-debug-logs-4ef37d4c-1703-4d0c-b729-4a26ecc26c2c/001-f913c723-5e65-4716-9ac9-35951a254df1-downloadableSrc-6bd8071be095.webp
4ef37d4c-1703-4d0c-b729-4a26ecc26c2c,Turning on debug logs,31124a64-058b-4783-809f-ad7dd43ac7d7,Xchat,6901070a-8142-46de-9462-d2c8ba13640a,1,2,8849b6b2-13d0-458d-a59d-863354f96805,true,downloadableSrc,200,image/webp,61004,61004,4936a614ec137938bb292f85f0968fd1570db2246819a0f007985b54a268e80a,1179,2676,,,bytescale.mobbin.com,f7a1807c1ac98ccf0eecf5078d61346ac9a94ca37a547f5708d580528c9e55c0,/Users/user/mobbin-sides/screen-flows/x-chat/036-xchat-turning-on-debug-logs-4ef37d4c-1703-4d0c-b729-4a26ecc26c2c/002-8849b6b2-13d0-458d-a59d-863354f96805-downloadableSrc-4936a614ec13.webp
4ef37d4c-1703-4d0c-b729-4a26ecc26c2c,Turning on debug logs,31124a64-058b-4783-809f-ad7dd43ac7d7,Xchat,6901070a-8142-46de-9462-d2c8ba13640a,2,3,b7125b37-7fe2-44e1-a5aa-76082bb28f8b,true,downloadableSrc,200,image/webp,72874,72874,175cf41206223ac9cd0d5b734903ca66591553a8c7b3b2b8349d6cf868ed802b,1179,2676,,,bytescale.mobbin.com,f7a1807c1ac98ccf0eecf5078d61346ac9a94ca37a547f5708d580528c9e55c0,/Users/user/mobbin-sides/screen-flows/x-chat/036-xchat-turning-on-debug-logs-4ef37d4c-1703-4d0c-b729-4a26ecc26c2c/003-b7125b37-7fe2-44e1-a5aa-76082bb28f8b-downloadableSrc-175cf4120622.webp
02d3d872-d720-4df8-b565-ce2bf43c5135,Logging out,31124a64-058b-4783-809f-ad7dd43ac7d7,Xchat,6901070a-8142-46de-9462-d2c8ba13640a,0,1,f913c723-5e65-4716-9ac9-35951a254df1,true,downloadableSrc,200,image/webp,51336,51336,6bd8071be095e74de0e2fe7e67c5dbcc8bd689561c8ebff3ba5cc3ba8a5be4fd,1179,2676,,,bytescale.mobbin.com,f7a1807c1ac98ccf0eecf5078d61346ac9a94ca37a547f5708d580528c9e55c0,/Users/user/mobbin-sides/screen-flows/x-chat/037-xchat-logging-out-02d3d872-d720-4df8-b565-ce2bf43c5135/001-f913c723-5e65-4716-9ac9-35951a254df1-downloadableSrc-6bd8071be095.webp
02d3d872-d720-4df8-b565-ce2bf43c5135,Logging out,31124a64-058b-4783-809f-ad7dd43ac7d7,Xchat,6901070a-8142-46de-9462-d2c8ba13640a,1,2,1721768e-2127-4577-8018-4d353dd4c471,true,downloadableSrc,200,image/webp,68180,68180,b381da7ab166c6613c9e39875a2e1fb70478d08d6cc3887207af3f98aeb9bd03,1179,2676,,,bytescale.mobbin.com,f7a1807c1ac98ccf0eecf5078d61346ac9a94ca37a547f5708d580528c9e55c0,/Users/user/mobbin-sides/screen-flows/x-chat/037-xchat-logging-out-02d3d872-d720-4df8-b565-ce2bf43c5135/002-1721768e-2127-4577-8018-4d353dd4c471-downloadableSrc-b381da7ab166.webp
02d3d872-d720-4df8-b565-ce2bf43c5135,Logging out,31124a64-058b-4783-809f-ad7dd43ac7d7,Xchat,6901070a-8142-46de-9462-d2c8ba13640a,2,3,812cdec5-c116-435a-b59b-c0cfa217ec97,true,downloadableSrc,200,image/webp,32784,32784,0fbdc3503e1a1dec6e2a35a5f7528b7741b25d8428444387b618e060a4e6f570,1180,2676,,,bytescale.mobbin.com,f7a1807c1ac98ccf0eecf5078d61346ac9a94ca37a547f5708d580528c9e55c0,/Users/user/mobbin-sides/screen-flows/x-chat/037-xchat-logging-out-02d3d872-d720-4df8-b565-ce2bf43c5135/003-812cdec5-c116-435a-b59b-c0cfa217ec97-downloadableSrc-0fbdc3503e1a.webp
e5170e81-a91c-4a4b-b350-ccde3d6283fa,Logging in,31124a64-058b-4783-809f-ad7dd43ac7d7,Xchat,6901070a-8142-46de-9462-d2c8ba13640a,0,1,8f809293-aa7d-4a9e-8445-5594a953ea59,true,downloadableSrc,200,image/webp,47496,47496,4937d990a84c20a4a8141a7e5a7dd828821dfe6a863670e6e48d99a2bc323256,1179,2676,,,bytescale.mobbin.com,f7a1807c1ac98ccf0eecf5078d61346ac9a94ca37a547f5708d580528c9e55c0,/Users/user/mobbin-sides/screen-flows/x-chat/038-xchat-logging-in-e5170e81-a91c-4a4b-b350-ccde3d6283fa/001-8f809293-aa7d-4a9e-8445-5594a953ea59-downloadableSrc-4937d990a84c.webp
e5170e81-a91c-4a4b-b350-ccde3d6283fa,Logging in,31124a64-058b-4783-809f-ad7dd43ac7d7,Xchat,6901070a-8142-46de-9462-d2c8ba13640a,1,2,684510b7-2253-4de2-938e-815c5b64faeb,true,downloadableSrc,200,image/webp,32540,32540,cb658ab2a8ff7402bae34d2d79b339e71410f7d6ca94eb9010c181325a1192f3,1179,2676,,,bytescale.mobbin.com,f7a1807c1ac98ccf0eecf5078d61346ac9a94ca37a547f5708d580528c9e55c0,/Users/user/mobbin-sides/screen-flows/x-chat/038-xchat-logging-in-e5170e81-a91c-4a4b-b350-ccde3d6283fa/002-684510b7-2253-4de2-938e-815c5b64faeb-downloadableSrc-cb658ab2a8ff.webp
e5170e81-a91c-4a4b-b350-ccde3d6283fa,Logging in,31124a64-058b-4783-809f-ad7dd43ac7d7,Xchat,6901070a-8142-46de-9462-d2c8ba13640a,2,3,8a44506f-fa7c-4dd5-a063-04fd8b2909a0,true,downloadableSrc,200,image/webp,31578,31578,52b29831b4326a99ab341069bb49d00c18c594211e174b1b07f339c9c673063a,1179,2676,,,bytescale.mobbin.com,f7a1807c1ac98ccf0eecf5078d61346ac9a94ca37a547f5708d580528c9e55c0,/Users/user/mobbin-sides/screen-flows/x-chat/038-xchat-logging-in-e5170e81-a91c-4a4b-b350-ccde3d6283fa/003-8a44506f-fa7c-4dd5-a063-04fd8b2909a0-downloadableSrc-52b29831b432.webp
e5170e81-a91c-4a4b-b350-ccde3d6283fa,Logging in,31124a64-058b-4783-809f-ad7dd43ac7d7,Xchat,6901070a-8142-46de-9462-d2c8ba13640a,3,4,fe434973-7c36-4233-bad9-26dbd19dd36a,true,downloadableSrc,200,image/webp,41260,41260,a1161aeb6519ebf9e6f6c67e53c58b6f7008a656e9d737bf7b7717760f21fb1e,1179,2676,,,bytescale.mobbin.com,f7a1807c1ac98ccf0eecf5078d61346ac9a94ca37a547f5708d580528c9e55c0,/Users/user/mobbin-sides/screen-flows/x-chat/038-xchat-logging-in-e5170e81-a91c-4a4b-b350-ccde3d6283fa/004-fe434973-7c36-4233-bad9-26dbd19dd36a-downloadableSrc-a1161aeb6519.webp
c99d58e8-4c51-45f7-a8a8-bd0ae5a489e6,Logging in (without X app),31124a64-058b-4783-809f-ad7dd43ac7d7,Xchat,6901070a-8142-46de-9462-d2c8ba13640a,0,1,0408af49-8a6f-46be-b1c7-c4bb5a488f0b,true,downloadableSrc,200,image/webp,42970,42970,bbb044c99d17453c3e5f62dbd74331bf4b30d67b1f98e5eef6b263b17c8ac90f,1179,2676,,,bytescale.mobbin.com,f7a1807c1ac98ccf0eecf5078d61346ac9a94ca37a547f5708d580528c9e55c0,/Users/user/mobbin-sides/screen-flows/x-chat/039-xchat-logging-in-without-x-app-c99d58e8-4c51-45f7-a8a8-bd0ae5a489e6/001-0408af49-8a6f-46be-b1c7-c4bb5a488f0b-downloadableSrc-bbb044c99d17.webp
c99d58e8-4c51-45f7-a8a8-bd0ae5a489e6,Logging in (without X app),31124a64-058b-4783-809f-ad7dd43ac7d7,Xchat,6901070a-8142-46de-9462-d2c8ba13640a,1,2,a78aef0e-344d-44e2-abdb-cb29fedd4700,true,downloadableSrc,200,image/webp,47456,47456,2db02198d7af12aecb7b41b4ba483e83ccc8133979a9cd2d8e902b570fa62db8,1179,2676,,,bytescale.mobbin.com,f7a1807c1ac98ccf0eecf5078d61346ac9a94ca37a547f5708d580528c9e55c0,/Users/user/mobbin-sides/screen-flows/x-chat/039-xchat-logging-in-without-x-app-c99d58e8-4c51-45f7-a8a8-bd0ae5a489e6/002-a78aef0e-344d-44e2-abdb-cb29fedd4700-downloadableSrc-2db02198d7af.webp
c99d58e8-4c51-45f7-a8a8-bd0ae5a489e6,Logging in (without X app),31124a64-058b-4783-809f-ad7dd43ac7d7,Xchat,6901070a-8142-46de-9462-d2c8ba13640a,2,3,497d8c5c-fbbe-4773-bfb7-b150af7773ee,true,downloadableSrc,200,image/webp,52050,52050,e10e507b6daae249e0719f3aa725856817ef645d66a33b090a7a3d5d6bc8420b,1179,2676,,,bytescale.mobbin.com,f7a1807c1ac98ccf0eecf5078d61346ac9a94ca37a547f5708d580528c9e55c0,/Users/user/mobbin-sides/screen-flows/x-chat/039-xchat-logging-in-without-x-app-c99d58e8-4c51-45f7-a8a8-bd0ae5a489e6/003-497d8c5c-fbbe-4773-bfb7-b150af7773ee-downloadableSrc-e10e507b6daa.webp
c99d58e8-4c51-45f7-a8a8-bd0ae5a489e6,Logging in (without X app),31124a64-058b-4783-809f-ad7dd43ac7d7,Xchat,6901070a-8142-46de-9462-d2c8ba13640a,3,4,684510b7-2253-4de2-938e-815c5b64faeb,true,downloadableSrc,200,image/webp,32540,32540,cb658ab2a8ff7402bae34d2d79b339e71410f7d6ca94eb9010c181325a1192f3,1179,2676,,,bytescale.mobbin.com,f7a1807c1ac98ccf0eecf5078d61346ac9a94ca37a547f5708d580528c9e55c0,/Users/user/mobbin-sides/screen-flows/x-chat/039-xchat-logging-in-without-x-app-c99d58e8-4c51-45f7-a8a8-bd0ae5a489e6/004-684510b7-2253-4de2-938e-815c5b64faeb-downloadableSrc-cb658ab2a8ff.webp
c99d58e8-4c51-45f7-a8a8-bd0ae5a489e6,Logging in (without X app),31124a64-058b-4783-809f-ad7dd43ac7d7,Xchat,6901070a-8142-46de-9462-d2c8ba13640a,4,5,8a44506f-fa7c-4dd5-a063-04fd8b2909a0,true,downloadableSrc,200,image/webp,31578,31578,52b29831b4326a99ab341069bb49d00c18c594211e174b1b07f339c9c673063a,1179,2676,,,bytescale.mobbin.com,f7a1807c1ac98ccf0eecf5078d61346ac9a94ca37a547f5708d580528c9e55c0,/Users/user/mobbin-sides/screen-flows/x-chat/039-xchat-logging-in-without-x-app-c99d58e8-4c51-45f7-a8a8-bd0ae5a489e6/005-8a44506f-fa7c-4dd5-a063-04fd8b2909a0-downloadableSrc-52b29831b432.webp
c99d58e8-4c51-45f7-a8a8-bd0ae5a489e6,Logging in (without X app),31124a64-058b-4783-809f-ad7dd43ac7d7,Xchat,6901070a-8142-46de-9462-d2c8ba13640a,5,6,fe434973-7c36-4233-bad9-26dbd19dd36a,true,downloadableSrc,200,image/webp,41260,41260,a1161aeb6519ebf9e6f6c67e53c58b6f7008a656e9d737bf7b7717760f21fb1e,1179,2676,,,bytescale.mobbin.com,f7a1807c1ac98ccf0eecf5078d61346ac9a94ca37a547f5708d580528c9e55c0,/Users/user/mobbin-sides/screen-flows/x-chat/039-xchat-logging-in-without-x-app-c99d58e8-4c51-45f7-a8a8-bd0ae5a489e6/006-fe434973-7c36-4233-bad9-26dbd19dd36a-downloadableSrc-a1161aeb6519.webp
